result,venue,season,win_percent_diff,draw_percent_before_team2,draw_percent_diff,lose_percent_before_team1,lose_percent_before_team2,head2head_win_percent,head2head_draw_percent,head2head_lost_percent,is_opponent_big6,ELO_before_match_team2,ELO_before_diff,average_score_before_match_team2,average_score_before_match_diff
W,Home,2010-2011,0.0,0.0,0.0,0.0,0.0,0.0,0.0,0.0,0,1500.0,0.0,0.0,0.0
D,Away,2010-2011,1.0,1.0,-1.0,0.0,0.0,0.0,0.0,0.0,0,1500.0,43.75,1.0,2.0
W,Home,2010-2011,0.5,0.0,0.5,0.0,1.0,0.0,0.0,0.0,0,1423.4472969671426,123.43423434428587,0.0,2.0
D,Away,2010-2011,0.6666666666666666,0.3333333333333333,0.0,0.0,0.6666666666666666,0.0,0.0,0.0,0,1439.2104627295312,136.50043919693007,0.3333333333333333,1.9999999999999998
W,Home,2010-2011,0.25,0.5,0.0,0.0,0.25,0.0,0.0,0.0,1,1486.7699875842252,98.28692082660086,1.25,0.75
D,Away,2010-2011,0.39999999999999997,0.6,-0.19999999999999996,0.0,0.2,0.0,0.0,0.0,0,1489.3743944170844,118.32063790514394,1.2,1.0000000000000002
D,Away,2010-2011,0.2,0.6,0.0,0.0,0.2,0.0,0.0,0.0,0,1529.9160151820745,85.97831829395841,1.2,0.6000000000000001
D,Home,2010-2011,0.0,0.4,0.19999999999999996,0.0,0.2,0.0,0.0,0.0,0,1519.7088068077771,102.24889449376337,1.6,0.19999999999999996
W,Away,2010-2011,-0.39999999999999997,0.2,0.6000000000000001,0.0,0.2,0.0,0.0,0.0,0,1450.868048306558,163.9375525649582,2.0,-0.6000000000000001
W,Home,2010-2011,-0.19999999999999996,0.2,0.39999999999999997,0.0,0.2,0.0,0.0,0.0,1,1576.420142192025,83.3758659907528,2.0,-0.19999999999999996
W,Home,2010-2011,0.2,0.2,0.39999999999999997,0.0,0.6,0.0,0.0,0.0,0,1394.4431401724737,294.0226617580879,0.8,1.0
D,Away,2010-2011,0.0,0.0,0.4,0.0,0.4,0.0,0.0,0.0,1,1650.4425830072826,47.73842799989029,1.8,0.40000000000000013
D,Away,2010-2011,0.39999999999999997,0.6,-0.19999999999999996,0.0,0.2,0.0,0.0,0.0,0,1523.5717749699388,178.02283683048722,1.2,1.0000000000000002
W,Home,2010-2011,0.39999999999999997,0.4,0.0,0.0,0.4,0.0,0.0,0.0,0,1428.1887796497404,285.20098185027814,1.0,1.2000000000000002
W,Home,2010-2011,0.0,0.0,0.4,0.0,0.4,0.0,0.0,0.0,0,1516.8719416034498,208.68486292280568,1.8,0.40000000000000013
W,Home,2010-2011,-0.20000000000000007,0.0,0.4,0.0,0.2,0.0,0.0,0.0,1,1699.7092144560847,50.41752114838437,2.4,-0.19999999999999973
W,Home,2010-2011,0.19999999999999996,0.4,0.0,0.0,0.2,0.0,1.0,0.0,0,1621.0815769834414,155.79193343711972,1.6,0.6000000000000001
D,Away,2010-2011,0.6000000000000001,0.6,-0.39999999999999997,0.0,0.2,0.0,0.0,0.0,0,1450.1756784801034,348.4258111762472,1.2,1.4000000000000001
W,Away,2010-2011,0.4,0.0,0.2,0.0,0.6,0.0,1.0,0.0,0,1398.1523650009194,419.5188378667078,1.2,1.4000000000000001
W,Home,2010-2011,0.4,0.2,0.0,0.0,0.4,1.0,0.0,0.0,0,1486.8109729858083,388.23271892556954,1.4,1.2000000000000002
D,Away,2010-2011,0.20000000000000007,0.2,0.0,0.0,0.2,1.0,0.0,0.0,1,1667.4362524313344,213.64897414335928,2.0,0.6000000000000001
W,Home,2010-2011,0.39999999999999997,0.4,0.0,0.0,0.4,0.0,1.0,0.0,0,1475.191895092599,419.583055617245,1.0,1.2000000000000002
W,Away,2010-2011,0.39999999999999997,0.0,0.4,0.0,0.8,0.0,0.0,0.0,0,1408.6117761889668,494.3644085334836,0.6,1.6
W,Home,2010-2011,0.4,0.4,-0.2,0.0,0.2,0.0,1.0,0.0,0,1426.719182744931,535.3257938119946,1.6,1.0
L,Away,2010-2011,0.6000000000000001,0.0,0.2,0.0,0.8,1.0,0.0,0.0,0,1189.239173727653,776.0963051089977,0.6,2.0
W,Home,2010-2011,0.19999999999999996,0.4,-0.2,0.2,0.2,0.0,1.0,0.0,1,1862.3748386446305,102.25157849248149,1.6,0.3999999999999999
W,Away,2010-2011,0.6000000000000001,0.4,-0.4,0.2,0.4,1.0,0.0,0.0,0,1269.8170181487303,717.1190517979021,1.0,1.4
L,Away,2010-2011,0.20000000000000007,0.2,-0.2,0.2,0.2,0.0,0.0,0.0,1,1819.197324652925,260.00201829751177,2.0,0.3999999999999999
L,Away,2010-2011,0.0,0.2,-0.2,0.4,0.2,1.0,0.0,0.0,1,1540.0902583876798,527.6766202296101,2.0,-0.19999999999999996
W,Home,2010-2011,-0.19999999999999996,0.2,-0.2,0.6,0.2,0.0,1.0,0.0,0,1483.6646907124489,580.6703383336296,2.0,-0.8
W,Away,2010-2011,0.19999999999999996,0.4,-0.4,0.4,0.2,1.0,0.0,0.0,0,1334.7982606454812,731.6703989050607,1.6,0.19999999999999996
W,Home,2010-2011,0.19999999999999996,0.4,-0.4,0.4,0.2,0.0,1.0,0.0,0,1453.9136384048038,686.4598131598655,1.6,0.19999999999999996
D,Away,2010-2011,0.39999999999999997,0.2,-0.2,0.4,0.6,1.0,0.0,0.0,0,1465.766631546236,676.02144708181,0.8,1.0
W,Home,2010-2011,0.0,0.4,-0.2,0.2,0.0,0.0,1.0,0.0,0,1538.6406015478424,627.1471555585904,2.2,-0.20000000000000018
L,Away,2010-2011,0.6000000000000001,0.6,-0.39999999999999997,0.0,0.2,1.0,0.0,0.0,1,1963.3894310091125,204.04429439986757,1.2,1.4000000000000001
W,Home,2010-2011,-0.4,0.0,0.2,0.2,0.0,0.0,0.0,1.0,1,2076.9675669014086,75.71432600328035,3.0,-1.0
D,Away,2010-2011,0.39999999999999997,0.4,-0.2,0.2,0.4,1.0,0.0,0.0,0,1272.436901779154,904.7906825144726,1.0,1.0
W,Home,2010-2011,0.2,0.6,-0.19999999999999996,0.2,0.2,1.0,0.0,0.0,0,1309.6729368547108,892.282612939221,1.2,0.40000000000000013
W,Away,2011-2012,0.0,0.0,0.0,0.0,0.0,0.5,0.5,0.0,0,1500.0,0.0,0.0,0.0
W,Home,2011-2012,1.0,0.0,0.0,0.0,0.0,0.5,0.5,0.0,1,1500.0,0.0,0.0,3.0
W,Home,2011-2012,1.0,0.5,-0.5,0.0,0.5,0.5,0.0,0.5,1,1462.5,81.25,0.5,2.5
W,Away,2011-2012,0.6666666666666667,0.0,0.0,0.0,0.6666666666666666,0.5,0.5,0.0,0,1475.767065726021,108.90594881449601,1.0,2.0
W,Home,2011-2012,0.25,0.25,-0.25,0.0,0.0,0.5,0.0,0.5,1,1602.3248940661715,47.52703780621255,2.5,0.5
D,Away,2011-2012,0.6,0.4,-0.4,0.0,0.2,1.0,0.0,0.0,0,1540.7835217869535,141.47040148385622,1.6,1.4
W,Home,2011-2012,0.4,0.2,0.0,0.0,0.4,0.0,0.0,0.0,0,1489.6662362806865,202.2396744626376,1.4,1.2000000000000002
D,Away,2011-2012,0.20000000000000007,0.0,0.2,0.0,0.4,0.5,0.0,0.5,1,1580.7710182145584,128.97796655527873,1.8,0.8
L,Home,2011-2012,-0.20000000000000007,0.2,0.2,0.0,0.0,0.5,0.5,0.0,1,1810.8450758474744,-92.21944759767439,2.6,-0.3999999999999999
W,Away,2011-2012,0.0,0.0,0.4,0.2,0.6,0.5,0.5,0.0,0,1429.3188618202423,252.2750825365606,1.2,0.40000000000000013
W,Home,2011-2012,0.2,0.4,0.0,0.2,0.4,0.5,0.5,0.0,0,1494.4319488159133,237.80816095144155,1.0,0.6000000000000001
W,Away,2011-2012,0.19999999999999996,0.4,-0.2,0.2,0.2,0.0,0.0,0.0,0,1460.1245613007677,284.7900584112192,1.6,0.3999999999999999
D,Home,2011-2012,0.0,0.2,0.0,0.2,0.2,0.5,0.5,0.0,0,1634.53330668067,162.72200136576794,2.0,0.0
W,Away,2011-2012,0.39999999999999997,0.4,-0.2,0.2,0.4,0.5,0.5,0.0,0,1429.1628480936954,357.17079867332905,1.0,1.0
W,Home,2011-2012,0.4,0.0,0.2,0.0,0.6,0.5,0.0,0.5,0,1282.8548391109125,558.8885917350683,1.2,1.4000000000000001
W,Away,2011-2012,0.6000000000000001,0.2,0.0,0.0,0.6,0.0,0.0,0.0,0,1450.2910249671377,394.82314837708395,0.8,1.8
W,Away,2011-2012,0.4,0.4,-0.2,0.0,0.2,0.5,0.5,0.0,0,1478.384505401456,434.724507561506,1.6,1.0
W,Home,2011-2012,0.4,0.4,-0.2,0.0,0.2,1.0,0.0,0.0,0,1284.8877236030455,720.6528068088958,1.6,1.0
L,Home,2011-2012,0.8,0.2,-0.2,0.0,0.6,0.5,0.5,0.0,0,1212.4039433705943,794.6909923464045,0.8,2.2
L,Away,2011-2012,0.6000000000000001,0.2,-0.2,0.2,0.6,0.3333333333333333,0.6666666666666666,0.0,0,1526.2196513102392,419.01310383436567,0.8,1.5999999999999999
W,Home,2011-2012,0.19999999999999996,0.2,-0.2,0.4,0.4,0.6666666666666666,0.3333333333333333,0.0,0,1181.2019020654875,756.8331305146589,1.4,0.40000000000000013
W,Away,2011-2012,0.19999999999999996,0.2,-0.2,0.4,0.4,0.6666666666666666,0.0,0.3333333333333333,1,1627.2923714528004,311.8502857180076,1.4,0.40000000000000013
W,Home,2011-2012,0.39999999999999997,0.6,-0.6,0.4,0.2,0.6666666666666666,0.3333333333333333,0.0,0,1513.2271581127638,479.5128788824818,1.2,0.6000000000000001
D,Away,2011-2012,0.19999999999999996,0.4,-0.4,0.4,0.2,0.6666666666666666,0.0,0.3333333333333333,1,1783.289213840994,213.91389951503675,1.6,0.19999999999999996
W,Home,2011-2012,0.39999999999999997,0.4,-0.2,0.2,0.4,0.3333333333333333,0.3333333333333333,0.3333333333333333,1,1754.8010454200562,256.1051333263399,1.0,1.0
W,Away,2011-2012,0.20000000000000007,0.2,0.0,0.0,0.2,1.0,0.0,0.0,0,1518.6974294338922,503.8522512195518,2.0,0.6000000000000001
W,Away,2011-2012,0.4,0.2,0.0,0.0,0.4,0.6666666666666666,0.3333333333333333,0.0,1,1807.2179171783537,274.5734221144544,1.4,1.2000000000000002
W,Home,2011-2012,0.20000000000000007,0.2,0.0,0.0,0.2,0.6666666666666666,0.3333333333333333,0.0,0,1484.0773841064572,659.9103650912859,2.0,0.6000000000000001
W,Away,2011-2012,0.6000000000000001,0.2,0.0,0.0,0.6,0.6666666666666666,0.0,0.3333333333333333,0,990.6697695197114,1154.961083607066,0.8,1.8
W,Home,2011-2012,0.4,0.0,0.0,0.0,0.4,0.6666666666666666,0.3333333333333333,0.0,0,1490.8182147276882,754.6832084382643,1.8,1.2
W,Away,2011-2012,0.6,0.2,-0.2,0.0,0.4,0.3333333333333333,0.3333333333333333,0.3333333333333333,0,1234.0639362605516,1012.2383732777334,1.4,1.6
W,Home,2011-2012,0.6,0.2,-0.2,0.0,0.4,1.0,0.0,0.0,0,1271.5062222639888,1049.5756996130337,1.4,1.6
L,Away,2011-2012,0.6,0.4,-0.4,0.0,0.2,1.0,0.0,0.0,0,1088.212793590848,1233.0469934294292,1.6,1.4
W,Home,2011-2012,0.6000000000000001,0.4,-0.4,0.2,0.4,0.6666666666666666,0.3333333333333333,0.0,0,1365.9129957948603,955.2951610474215,1.0,1.4
D,Home,2011-2012,0.20000000000000007,0.2,-0.2,0.2,0.2,0.6666666666666666,0.3333333333333333,0.0,0,1564.071380794097,757.5186856469772,2.0,0.3999999999999999
L,Away,2011-2012,0.0,0.2,0.0,0.2,0.2,0.3333333333333333,0.3333333333333333,0.3333333333333333,1,2330.400829922698,-33.18029655986584,2.0,0.0
W,Home,2011-2012,0.2,0.4,-0.2,0.4,0.4,1.0,0.0,0.0,0,1563.44099875828,699.554181716376,1.0,0.3999999999999999
W,Away,2011-2012,0.4,0.6,-0.39999999999999997,0.4,0.4,0.6666666666666666,0.3333333333333333,0.0,0,1478.9492296093852,785.3596660093747,0.6,0.7999999999999999
L,Away,2012-2013,0.0,0.0,0.0,0.0,0.0,0.5,0.5,0.0,0,1500.0,0.0,0.0,0.0
W,Home,2012-2013,-1.0,0.0,0.0,1.0,0.0,0.75,0.25,0.0,0,1550.0,-81.25,3.0,-3.0
W,Away,2012-2013,0.5,0.0,0.0,0.5,1.0,0.0,0.0,0.0,0,1430.5754872798962,76.60215122568206,0.0,1.5
W,Home,2012-2013,0.3333333333333333,0.3333333333333333,-0.3333333333333333,0.3333333333333333,0.3333333333333333,0.75,0.0,0.25,0,1499.3740223106174,45.83406264451287,1.3333333333333333,0.6666666666666667
W,Away,2012-2013,0.75,0.5,-0.5,0.25,0.5,0.5,0.25,0.25,1,1423.546651032022,162.38825989945872,0.5,1.75
L,Home,2012-2013,0.4,0.4,-0.4,0.2,0.2,0.75,0.25,0.0,1,1534.2474199299943,96.56526818373459,1.6,0.7999999999999998
W,Away,2012-2013,0.6000000000000001,0.6,-0.6,0.2,0.2,0.25,0.5,0.25,0,1519.6600473332028,71.43405251785089,1.2,1.2
W,Home,2012-2013,0.6000000000000001,0.6,-0.6,0.2,0.2,0.75,0.25,0.0,0,1510.910402052981,132.8042176739964,1.2,1.2
W,Away,2012-2013,0.0,0.2,-0.2,0.2,0.0,0.5,0.25,0.25,1,1737.2906617777576,-69.75050310493316,2.6,-0.20000000000000018
W,Home,2012-2013,0.4,0.2,-0.2,0.2,0.4,0.75,0.0,0.25,1,1583.7732001961003,108.82621584626509,1.4,1.0
W,Away,2012-2013,0.6000000000000001,0.4,-0.4,0.2,0.4,0.75,0.25,0.0,0,1401.2225995757844,313.14650421832584,1.0,1.4
L,Away,2012-2013,0.6,0.4,-0.4,0.0,0.2,1.0,0.0,0.0,0,1393.5615215271948,374.461776193735,1.6,1.4
W,Home,2012-2013,0.8,0.4,-0.4,0.2,0.6,1.0,0.0,0.0,0,1200.6793567716977,560.8557294307125,0.4,2.0
W,Home,2012-2013,0.6000000000000001,0.4,-0.4,0.2,0.4,1.0,0.0,0.0,0,1555.323451867457,209.0695497045199,1.0,1.4
W,Away,2012-2013,0.6000000000000001,0.4,-0.4,0.2,0.4,0.0,0.0,0.0,0,1367.8891524501762,410.9321604331808,1.0,1.4
W,Away,2012-2013,0.20000000000000007,0.4,-0.4,0.2,0.0,0.25,0.25,0.5,1,1784.267531064189,51.688758054995105,2.2,0.19999999999999973
W,Home,2012-2013,0.6000000000000001,0.2,-0.2,0.2,0.6,0.75,0.25,0.0,0,1357.2772252421803,514.5441962417392,0.8,1.5999999999999999
D,Away,2012-2013,0.6,0.2,-0.2,0.0,0.4,1.0,0.0,0.0,0,1530.9478316410202,344.5616803878254,1.4,1.6
W,Home,2012-2013,0.4,0.0,0.2,0.0,0.6,0.4,0.4,0.2,0,1425.3722472730285,469.0897218570485,1.2,1.4000000000000001
W,Home,2012-2013,0.4,0.2,0.0,0.0,0.4,0.75,0.25,0.0,0,1686.0050659579194,212.391640886103,1.4,1.2000000000000002
W,Away,2012-2013,0.6000000000000001,0.2,0.0,0.0,0.6,0.8,0.0,0.2,0,1247.459269432661,667.9980553340004,0.8,1.8
W,Home,2012-2013,0.20000000000000007,0.0,0.2,0.0,0.4,0.6,0.2,0.2,1,1563.7541845284984,443.4907343062912,1.8,0.8
D,Away,2012-2013,0.20000000000000007,0.4,-0.2,0.0,0.0,0.6,0.2,0.2,1,1755.873220749534,255.8860333004909,2.2,0.3999999999999999
W,Home,2012-2013,0.6000000000000001,0.8,-0.6000000000000001,0.0,0.0,1.0,0.0,0.0,0,1326.323769813246,701.111119362819,1.4,1.2000000000000002
W,Away,2012-2013,0.4,0.2,0.0,0.0,0.4,0.8,0.2,0.0,0,1396.4953495540722,632.0247039174103,1.4,1.2000000000000002
W,Home,2012-2013,0.4,0.6,-0.39999999999999997,0.0,0.0,0.4,0.4,0.2,0,1722.194565588048,367.2239235915747,1.8,0.8
W,Away,2012-2013,0.8,0.8,-0.6000000000000001,0.0,0.2,1.0,0.0,0.0,0,1070.3125817732534,1027.187314616373,0.8,1.8
W,Home,2012-2013,0.6000000000000001,0.6,-0.39999999999999997,0.0,0.2,0.6666666666666666,0.0,0.3333333333333333,0,1429.1073874227125,743.190244235592,1.2,1.4000000000000001
W,Home,2012-2013,0.8,0.0,0.0,0.0,0.8,1.0,0.0,0.0,0,1169.49159872443,1004.0884051660917,0.6,2.4
W,Away,2012-2013,1.0,0.4,-0.4,0.0,0.6,0.8,0.2,0.0,0,1338.7086262188084,835.0638284431823,0.4,2.6
L,Home,2012-2013,0.4,0.0,0.0,0.0,0.4,0.4,0.2,0.4,1,2030.7020172957536,205.0638134160713,1.8,1.2
W,Away,2012-2013,0.8,0.2,-0.2,0.2,0.8,0.8,0.2,0.0,0,1212.5470292758953,975.4045949901058,0.2,2.1999999999999997
D,Away,2012-2013,0.4,0.4,-0.4,0.2,0.2,1.0,0.0,0.0,0,1403.8839979157185,858.7953747698773,1.6,0.7999999999999998
W,Home,2012-2013,0.0,0.2,0.0,0.2,0.2,0.8,0.2,0.0,0,1213.0355652010558,1074.2898944266367,2.0,0.0
D,Away,2012-2013,-0.20000000000000007,0.2,0.0,0.2,0.0,0.8,0.0,0.2,1,1897.6594380323863,389.8460697817759,2.6,-0.6000000000000001
L,Home,2012-2013,-0.19999999999999996,0.2,0.2,0.2,0.2,0.6,0.2,0.2,1,1935.534919918785,372.17775668499235,2.0,-0.3999999999999999
W,Home,2012-2013,0.2,0.6,-0.19999999999999996,0.2,0.2,0.6666666666666666,0.3333333333333333,0.0,0,1561.122289170648,690.6554485865945,1.2,0.40000000000000013
D,Away,2012-2013,0.2,0.2,0.2,0.2,0.6,0.8,0.2,0.0,0,1422.3989364058607,830.5300447255995,0.8,0.8
W,Away,2013-2014,0.0,0.0,0.0,0.0,0.0,0.75,0.25,0.0,0,1500.0,0.0,0.0,0.0
D,Home,2013-2014,0.0,0.0,0.0,0.0,0.0,0.5,0.1666666666666666,0.3333333333333333,1,1568.75,-25.0,3.0,0.0
L,Away,2013-2014,-0.5,0.0,0.5,0.0,0.0,0.6666666666666666,0.1666666666666666,0.1666666666666666,1,1564.7447454340688,-19.198949086813627,3.0,-1.0
W,Home,2013-2014,0.0,0.0,0.3333333333333333,0.3333333333333333,0.6666666666666666,0.0,0.0,0.0,0,1477.886969248752,34.683738332299754,1.0,0.33333333333333326
L,Away,2013-2014,0.0,0.25,0.0,0.25,0.25,0.3333333333333333,0.1666666666666666,0.5,1,1559.9543484928558,-13.61479812249786,1.75,0.0
L,Home,2013-2014,0.2,0.4,-0.2,0.4,0.4,0.6666666666666666,0.3333333333333333,0.0,0,1462.8122335310718,38.06378276052283,1.0,0.3999999999999999
W,Away,2013-2014,0.2,0.2,0.0,0.6,0.8,0.8333333333333334,0.1666666666666666,0.0,0,1339.1147877797266,127.10122390956144,0.2,0.6000000000000001
D,Home,2013-2014,-0.19999999999999996,0.2,-0.2,0.6,0.2,1.0,0.0,0.0,0,1578.2501152482955,-69.83610307244157,2.0,-0.8
W,Home,2013-2014,0.4,0.4,-0.2,0.4,0.6,0.8333333333333334,0.1666666666666666,0.0,0,1431.1714000528443,82.20112362444661,0.4,0.9999999999999999
W,Away,2013-2014,0.0,0.0,0.2,0.4,0.6,0.8333333333333334,0.1666666666666666,0.0,0,1431.5406651967917,105.82323564913509,1.2,0.19999999999999996
W,Home,2013-2014,-0.20000000000000007,0.2,0.0,0.2,0.0,0.6666666666666666,0.1666666666666666,0.1666666666666666,1,1778.3574136705322,-192.41219705040635,2.6,-0.6000000000000001
D,Away,2013-2014,0.6000000000000001,0.2,0.0,0.0,0.6,0.0,0.0,0.0,0,1419.200914227119,213.72454944553715,0.8,1.8
D,Away,2013-2014,0.19999999999999996,0.2,0.2,0.0,0.4,0.5,0.3333333333333333,0.1666666666666666,1,1493.6376011690452,152.9813936370556,1.4,0.8000000000000003
L,Home,2013-2014,0.19999999999999996,0.6,-0.19999999999999996,0.0,0.0,0.5,0.3333333333333333,0.1666666666666666,0,1671.7915880413857,-14.824937938619996,1.8,0.40000000000000013
L,Home,2013-2014,-0.4,0.0,0.4,0.2,0.2,0.5,0.3333333333333333,0.1666666666666666,0,1568.0643448197045,58.984921661652606,2.4,-0.7999999999999998
W,Away,2013-2014,-0.2,0.4,0.0,0.4,0.2,0.8333333333333334,0.1666666666666666,0.0,0,1495.5693142150226,94.97496019723599,1.6,-0.6000000000000001
W,Home,2013-2014,0.0,0.2,0.2,0.4,0.6,0.75,0.25,0.0,0,1354.1507343606722,291.813785142916,0.8,0.19999999999999996
W,Away,2013-2014,0.2,0.6,-0.39999999999999997,0.4,0.2,0.0,0.0,0.0,0,1345.6510874532073,312.0974278341166,1.2,0.19999999999999996
W,Away,2013-2014,0.39999999999999997,0.4,-0.4,0.4,0.4,0.75,0.0,0.25,0,1229.6972709295408,481.6594800090986,1.0,0.8
L,Home,2013-2014,0.20000000000000007,0.2,-0.2,0.2,0.2,0.4285714285714285,0.4285714285714285,0.1428571428571428,1,1605.9026160525689,164.2778930945542,2.0,0.3999999999999999
W,Home,2013-2014,0.8,0.4,-0.4,0.2,0.6,0.8,0.2,0.0,0,1407.4982375085149,317.6671813148207,0.4,2.0
L,Away,2013-2014,0.0,0.2,-0.2,0.2,0.0,0.4285714285714285,0.2857142857142857,0.2857142857142857,1,1977.001673818199,-241.4562210806423,2.6,-0.20000000000000018
W,Home,2013-2014,0.6,0.2,-0.2,0.4,0.8,0.0,1.0,0.0,0,1150.543857785776,524.957970105421,0.2,1.6
L,Away,2013-2014,0.6,0.2,-0.2,0.4,0.8,0.8571428571428571,0.1428571428571428,0.0,0,1293.379708130106,385.6055854340641,0.2,1.6
D,Home,2013-2014,0.2,0.0,0.0,0.6,0.8,0.8571428571428571,0.1428571428571428,0.0,0,1041.4453176786214,631.4154020548474,0.6,0.6
D,Away,2013-2014,-0.19999999999999996,0.2,0.0,0.4,0.2,0.7142857142857143,0.1428571428571428,0.1428571428571428,1,2009.762845939816,-360.6164887444852,2.0,-0.6000000000000001
W,Away,2013-2014,-0.39999999999999997,0.0,0.4,0.4,0.4,1.0,0.0,0.0,0,1194.7270156243808,434.9925322488964,1.8,-0.8
W,Away,2013-2014,0.4,0.6,-0.19999999999999996,0.2,0.4,0.5714285714285714,0.2857142857142857,0.1428571428571428,0,1303.1181561257013,395.93311960749634,0.6,1.0
L,Home,2013-2014,-0.4,0.2,0.2,0.2,0.0,0.5714285714285714,0.1428571428571428,0.2857142857142857,1,1996.3336874513568,-217.90787962232525,2.6,-1.0
W,Away,2013-2014,-0.19999999999999996,0.0,0.4,0.2,0.4,0.8,0.2,0.0,0,1355.9009774980702,403.10480867486535,1.8,-0.19999999999999996
L,Home,2013-2014,0.0,0.2,0.0,0.2,0.2,0.2857142857142857,0.1428571428571428,0.5714285714285714,1,2190.6509795290485,-363.35340089192005,2.0,0.0
W,Home,2013-2014,0.19999999999999996,0.2,-0.2,0.4,0.4,0.8571428571428571,0.1428571428571428,0.0,0,1360.2702158813076,457.4099773442483,1.4,0.40000000000000013
W,Away,2013-2014,0.19999999999999996,0.0,0.0,0.4,0.6,0.4285714285714285,0.2857142857142857,0.2857142857142857,0,1545.4651226148142,278.0811219630748,1.2,0.6000000000000001
L,Away,2013-2014,-0.20000000000000007,0.0,0.0,0.4,0.2,0.4285714285714285,0.2857142857142857,0.2857142857142857,0,1850.647218519967,50.91075266709936,2.4,-0.5999999999999999
W,Home,2013-2014,0.39999999999999997,0.0,0.0,0.4,0.8,0.8,0.0,0.2,0,1093.7852850776678,775.7286764330565,0.6,1.2000000000000002
L,Home,2013-2014,0.19999999999999996,0.2,-0.2,0.4,0.4,0.8571428571428571,0.1428571428571428,0.0,0,1017.60361619638,852.9761654488109,1.4,0.40000000000000013
W,Home,2013-2014,0.39999999999999997,0.2,-0.2,0.4,0.6,1.0,0.0,0.0,0,1362.817125757579,445.72000718631284,0.8,1.0
D,Away,2013-2014,0.19999999999999996,0.2,-0.2,0.4,0.4,0.6666666666666666,0.3333333333333333,0.0,0,1711.3617788215029,102.52841310233043,1.4,0.40000000000000013
L,Home,2014-2015,0.0,0.0,0.0,0.0,0.0,0.8333333333333334,0.1666666666666666,0.0,0,1500.0,0.0,0.0,0.0
D,Away,2014-2015,0.0,1.0,-1.0,1.0,0.0,0.75,0.125,0.125,0,1500.0,-31.25,1.0,-1.0
D,Away,2014-2015,0.0,0.0,0.5,0.5,1.0,0.0,0.0,0.0,0,1425.1457647966442,41.361661204623715,0.0,0.5
W,Home,2014-2015,-0.3333333333333333,0.0,0.6666666666666666,0.3333333333333333,0.6666666666666666,1.0,0.0,0.0,0,1452.213076253449,17.256579621983974,1.0,-0.33333333333333337
L,Away,2014-2015,0.0,0.5,0.0,0.25,0.25,0.0,0.0,0.0,0,1493.0411852524014,20.977175664508195,1.25,0.0
W,Home,2014-2015,-0.2,0.2,0.2,0.4,0.4,0.8333333333333334,0.1666666666666666,0.0,0,1504.1343472595952,-25.35458988838218,1.4,-0.3999999999999999
W,Home,2014-2015,0.2,0.4,0.0,0.2,0.4,0.375,0.25,0.375,0,1468.3420814377882,43.96414795788587,1.0,0.6000000000000001
D,Away,2014-2015,0.19999999999999996,0.0,0.2,0.2,0.6,0.625,0.25,0.125,0,1454.4895387157376,85.13331874640267,1.2,0.8
D,Home,2014-2015,-0.20000000000000007,0.2,0.0,0.2,0.0,0.375,0.25,0.375,1,1769.984867100746,-224.35590148407096,2.6,-0.6000000000000001
L,Away,2014-2015,-0.19999999999999996,0.2,0.2,0.2,0.2,0.25,0.125,0.625,1,1639.644948537962,-79.79596490683434,2.0,-0.3999999999999999
W,Home,2014-2015,0.2,0.2,0.2,0.2,0.6,1.0,0.0,0.0,0,1412.5215564234045,109.02379052970173,0.8,0.8
W,Away,2014-2015,0.0,0.2,0.2,0.2,0.4,0.625,0.25,0.125,1,1553.5932091490706,-10.294306954519243,1.4,0.20000000000000018
W,Home,2014-2015,0.4,0.4,0.0,0.2,0.6,1.0,0.0,0.0,0,1435.9992355408522,137.62401885204213,0.4,1.2000000000000002
W,Home,2014-2015,0.39999999999999997,0.2,0.0,0.2,0.6,0.75,0.125,0.125,0,1399.484032247768,201.41214741900512,0.8,1.2
W,Away,2014-2015,0.4,0.2,-0.2,0.2,0.4,0.5,0.5,0.0,0,1649.5013843738163,-33.68192884519158,1.4,1.0
W,Home,2014-2015,0.6,0.2,-0.2,0.0,0.4,0.5,0.125,0.375,1,1561.7488211823963,82.30057746784951,1.4,1.6
D,Away,2014-2015,0.6,0.4,-0.4,0.0,0.2,0.875,0.125,0.0,0,1393.502882594019,284.12259706020154,1.6,1.4
W,Home,2014-2015,0.6000000000000001,0.2,0.0,0.0,0.6,0.5,0.25,0.25,0,1473.6895017715883,220.78234319780017,0.8,1.8
D,Away,2014-2015,0.20000000000000007,0.2,0.0,0.0,0.2,0.375,0.375,0.25,1,1511.5813597548315,199.32290210682345,2.0,0.6000000000000001
D,Away,2014-2015,0.0,0.2,0.2,0.0,0.2,0.7777777777777778,0.1111111111111111,0.1111111111111111,0,1457.6364841189895,266.21951551388656,2.0,0.20000000000000018
L,Home,2014-2015,-0.19999999999999996,0.2,0.39999999999999997,0.0,0.2,0.6,0.4,0.0,0,1752.2186628297634,-12.24419942790064,2.0,-0.19999999999999996
W,Away,2014-2015,0.0,0.4,0.19999999999999996,0.2,0.4,1.0,0.0,0.0,0,1206.43049788132,503.39481103209596,1.0,0.19999999999999996
W,Home,2014-2015,0.0,0.2,0.2,0.2,0.4,0.0,0.0,1.0,0,1221.271238037698,559.634290507292,1.4,0.20000000000000018
D,Away,2014-2015,0.2,0.4,0.0,0.2,0.4,0.8571428571428571,0.1428571428571428,0.0,0,1548.6049248581655,235.1779107250145,1.0,0.6000000000000001
W,Home,2014-2015,0.2,0.4,0.0,0.2,0.4,0.0,1.0,0.0,0,1237.9234263715127,560.5968604961574,1.0,0.6000000000000001
L,Away,2014-2015,0.39999999999999997,0.4,-0.2,0.2,0.4,0.7142857142857143,0.1428571428571428,0.1428571428571428,0,1452.8644663397174,348.5178352132557,1.0,1.0
W,Home,2014-2015,0.39999999999999997,0.4,-0.2,0.2,0.4,0.6666666666666666,0.2222222222222222,0.1111111111111111,0,1302.1343739903318,491.83852946765273,1.0,1.0
W,Away,2014-2015,0.19999999999999996,0.4,-0.2,0.2,0.2,0.5555555555555556,0.2222222222222222,0.2222222222222222,0,1353.629747621789,444.5175547189551,1.6,0.3999999999999999
W,Home,2014-2015,0.0,0.2,0.0,0.2,0.2,0.3333333333333333,0.4444444444444444,0.2222222222222222,1,1744.674485554432,111.4831752976288,2.0,0.0
W,Away,2014-2015,-0.19999999999999996,0.0,0.0,0.2,0.0,0.5555555555555556,0.1111111111111111,0.3333333333333333,1,1892.749774619976,-6.417621474457974,3.0,-0.6000000000000001
W,Home,2014-2015,0.4,0.0,0.0,0.2,0.6,0.7777777777777778,0.2222222222222222,0.0,0,1259.16502026672,657.8399672868331,1.2,1.2
W,Home,2014-2015,0.6,0.0,0.0,0.0,0.6,0.2222222222222222,0.1111111111111111,0.6666666666666666,1,1937.7358432297383,-19.0684884456698,1.2,1.8
L,Away,2014-2015,0.19999999999999996,0.2,-0.2,0.0,0.0,0.3333333333333333,0.3333333333333333,0.3333333333333333,1,2259.998014969389,-301.7745921427345,2.6,0.3999999999999999
L,Away,2014-2015,0.0,0.2,-0.2,0.2,0.0,0.4444444444444444,0.2222222222222222,0.3333333333333333,0,1385.0100964150065,520.0679992694083,2.6,-0.20000000000000018
L,Home,2014-2015,0.39999999999999997,0.2,-0.2,0.4,0.6,0.5555555555555556,0.3333333333333333,0.1111111111111111,0,1295.0099613904672,605.8936025786795,0.8,1.0
W,Away,2014-2015,0.0,0.0,0.0,0.6,0.6,1.0,0.0,0.0,0,1321.9662445685672,518.2911471912057,1.2,0.0
D,Home,2014-2015,-0.19999999999999996,0.2,-0.2,0.6,0.2,0.6666666666666666,0.2222222222222222,0.1111111111111111,1,1994.8649328156723,-95.11852815525504,2.0,-0.8
D,Away,2014-2015,-0.2,0.0,0.2,0.6,0.6,1.0,0.0,0.0,0,993.8821306189186,912.5425799419063,1.2,-0.3999999999999999
W,Home,2015-2016,0.0,0.0,0.0,0.0,0.0,0.4,0.4,0.2,1,1500.0,0.0,0.0,0.0
W,Away,2015-2016,0.0,0.0,0.0,0.0,0.0,0.8,0.2,0.0,0,1531.25,0.0,3.0,0.0
D,Home,2015-2016,1.0,0.5,-0.5,0.0,0.5,0.6,0.2,0.2,0,1462.5,100.0,0.5,2.5
L,Away,2015-2016,0.3333333333333333,0.6666666666666666,-0.3333333333333333,0.0,0.0,0.625,0.125,0.25,0,1545.3234944260796,10.173255583776154,1.6666666666666667,0.6666666666666663
W,Home,2015-2016,0.0,0.25,0.0,0.25,0.25,0.6,0.1,0.3,1,1506.651266027857,18.510253291883373,1.75,0.0
W,Away,2015-2016,0.39999999999999997,0.6,-0.39999999999999997,0.2,0.2,0.5,0.3333333333333333,0.1666666666666666,0,1506.4909464000552,54.17458136175151,1.2,0.8
W,Home,2015-2016,0.6,0.4,-0.2,0.2,0.6,0.7,0.2,0.1,0,1361.9594182021535,234.78971748371805,0.4,1.6
L,Away,2015-2016,0.0,0.2,0.0,0.2,0.2,0.6,0.3,0.1,1,1565.7832908829157,48.9572213826882,2.0,0.0
W,Away,2015-2016,0.19999999999999996,0.6,-0.6,0.4,0.0,0.4,0.2,0.4,0,1574.4367861911292,2.678066991930791,1.8,0.0
D,Home,2015-2016,0.20000000000000007,0.0,0.0,0.2,0.4,0.3,0.1,0.6,1,1654.3079607463735,-33.10588502370456,1.8,0.5999999999999999
D,Away,2015-2016,0.19999999999999996,0.0,0.2,0.2,0.6,1.0,0.0,0.0,0,1498.7452840273422,124.83176809543102,1.2,0.8
W,Home,2015-2016,0.0,0.0,0.4,0.2,0.6,0.5,0.3,0.2,0,1447.597677398967,184.59419084039018,1.2,0.40000000000000013
W,Away,2015-2016,0.0,0.2,0.2,0.2,0.4,0.0,0.0,0.0,0,1511.6099894606382,139.84270951213148,1.4,0.20000000000000018
D,Away,2015-2016,-0.20000000000000007,0.2,0.2,0.0,0.0,0.5,0.0,0.5,0,1756.7672892176815,-62.124410699633245,2.6,-0.3999999999999999
D,Home,2015-2016,0.2,0.4,0.19999999999999996,0.0,0.4,0.75,0.25,0.0,0,1526.1731903446096,164.04651718935065,1.0,0.8
L,Away,2015-2016,0.2,0.4,0.19999999999999996,0.0,0.4,0.0,0.0,0.0,0,1286.3610799631847,392.8599777887255,1.0,0.8
L,Home,2015-2016,0.2,0.4,0.0,0.2,0.4,0.8333333333333334,0.0,0.1666666666666666,0,1360.6144011296462,312.7089387036649,1.0,0.6000000000000001
L,Away,2015-2016,-0.2,0.2,0.2,0.4,0.4,0.7,0.2,0.1,0,1519.6960407797442,99.99224997530632,1.4,-0.3999999999999999
D,Home,2015-2016,-0.2,0.4,0.0,0.6,0.4,0.3,0.3,0.4,1,1326.0017196980095,266.6906751904055,1.0,-0.6
W,Home,2015-2016,-0.2,0.4,0.0,0.6,0.4,0.5555555555555556,0.1111111111111111,0.3333333333333333,0,1419.738596315599,156.81554238093463,1.0,-0.6
D,Away,2015-2016,0.0,0.2,0.0,0.6,0.6,0.5,0.3,0.2,0,1234.6187107304163,359.9663893865825,0.8,0.0
W,Away,2015-2016,-0.2,0.2,0.2,0.4,0.4,0.7,0.1,0.2,1,1567.5199031961065,46.47344761455406,1.4,-0.3999999999999999
L,Home,2015-2016,-0.19999999999999996,0.0,0.4,0.2,0.4,0.5714285714285714,0.2857142857142857,0.1428571428571428,0,1606.4058428737442,42.99279687967464,1.8,-0.19999999999999996
W,Home,2015-2016,0.0,0.2,0.2,0.2,0.4,0.6,0.2,0.2,0,1541.0835517826213,73.21772984580184,1.4,0.20000000000000018
D,Away,2015-2016,0.19999999999999996,0.6,-0.39999999999999997,0.2,0.0,0.3,0.3,0.4,1,1336.540868807214,312.4247468658325,1.8,0.19999999999999996
L,Away,2015-2016,0.2,0.4,0.0,0.2,0.4,0.8,0.1,0.1,0,1068.9272591084482,597.9364335934226,1.0,0.6000000000000001
W,Home,2015-2016,0.0,0.4,-0.2,0.4,0.2,0.5,0.3,0.2,1,1923.6091110086168,-258.6834414498967,1.6,-0.20000000000000018
W,Home,2015-2016,0.0,0.4,-0.2,0.4,0.2,1.0,0.0,0.0,0,1541.6193823142387,174.3027489880144,1.6,-0.20000000000000018
L,Away,2015-2016,0.19999999999999996,0.4,-0.2,0.2,0.2,0.6,0.2,0.2,0,1392.4264560982672,340.2631682985898,1.6,0.3999999999999999
W,Away,2015-2016,0.2,0.2,0.0,0.4,0.6,0.3,0.2,0.5,1,1669.4851846206875,55.479034807124435,0.8,0.5999999999999999
W,Home,2015-2016,0.19999999999999996,0.0,0.0,0.4,0.6,0.5,0.2,0.3,0,1581.444060032797,179.71822199667122,1.2,0.6000000000000001
L,Away,2015-2016,0.4,0.4,-0.4,0.2,0.2,0.4,0.4,0.2,1,2012.139416758312,-234.58934495475705,1.6,0.7999999999999998
W,Home,2015-2016,0.6,0.0,0.0,0.4,1.0,0.9,0.1,0.0,0,856.1676453882988,851.8902935908575,0.0,1.8
W,Home,2015-2016,0.39999999999999997,0.6,-0.6,0.4,0.2,0.8,0.2,0.0,0,1331.7826086133923,376.73552830497124,1.2,0.6000000000000001
D,Home,2015-2016,0.0,0.2,-0.2,0.2,0.0,0.3333333333333333,0.3333333333333333,0.3333333333333333,0,2122.104277443272,-405.8911423747895,2.6,-0.20000000000000018
W,Away,2015-2016,0.19999999999999996,0.0,0.2,0.2,0.6,0.7142857142857143,0.0,0.2857142857142857,0,1033.4477146308952,703.3581681631952,1.2,0.8
L,Away,2015-2016,0.19999999999999996,0.4,-0.2,0.2,0.2,0.6666666666666666,0.3333333333333333,0.0,0,1765.9230898779244,32.31133580058645,1.6,0.3999999999999999
W,Home,2015-2016,0.39999999999999997,0.2,0.0,0.2,0.6,0.0,0.0,1.0,0,1333.8916870624005,435.99062329839376,0.8,1.2
W,Away,2016-2017,0.0,0.0,0.0,0.0,0.0,0.5,0.0,0.5,0,1500.0,0.0,0.0,0.0
W,Home,2016-2017,1.0,1.0,-1.0,0.0,0.0,0.5,0.25,0.25,0,1500.0,37.5,1.0,2.0
W,Away,2016-2017,0.0,0.0,0.0,0.0,0.0,0.75,0.25,0.0,0,1568.75,2.2181316516534935,3.0,0.0
L,Home,2016-2017,0.0,0.0,0.0,0.0,0.0,0.4,0.2,0.4,1,1607.991836703423,-5.574198509394819,3.0,0.0
L,Away,2016-2017,0.5,0.25,-0.25,0.25,0.5,1.0,0.0,0.0,0,1469.1207732238183,102.54819173732744,1.0,1.25
W,Home,2016-2017,0.19999999999999996,0.2,-0.2,0.4,0.4,0.25,0.5,0.25,0,1503.856604015947,41.070164615531894,1.4,0.40000000000000013
D,Home,2016-2017,0.6,0.2,-0.2,0.4,0.8,0.6,0.2,0.2,0,1348.701739961254,234.82732065391747,0.2,1.6
D,Away,2016-2017,-0.4,0.2,0.0,0.4,0.0,0.8,0.1,0.1,1,1651.0707389674524,-82.26265943895646,2.6,-1.2000000000000002
L,Away,2016-2017,-0.2,0.2,0.2,0.4,0.4,0.3,0.4,0.3,1,1606.946298624294,-43.94930615404655,1.4,-0.3999999999999999
D,Home,2016-2017,-0.2,0.0,0.4,0.4,0.6,0.5,0.5,0.0,0,1457.2369489222413,52.98695634767682,1.2,-0.19999999999999996
W,Away,2016-2017,0.2,0.2,0.39999999999999997,0.2,0.8,0.6,0.1,0.3,0,1332.814225827438,173.62624888873893,0.2,1.0
D,Home,2016-2017,-0.39999999999999997,0.4,0.19999999999999996,0.2,0.0,0.6,0.2,0.2,1,1734.481270210995,-173.21917367158812,2.2,-1.0000000000000002
D,Home,2016-2017,-0.2,0.2,0.39999999999999997,0.2,0.4,0.6,0.3,0.1,0,1281.8324556650805,290.9543345127813,1.4,-0.19999999999999996
D,Away,2016-2017,0.0,0.2,0.39999999999999997,0.2,0.6,0.6,0.2,0.2,0,1509.1404550458426,46.535147909022044,0.8,0.3999999999999999
W,Home,2016-2017,-0.2,0.4,0.4,0.0,0.2,0.4,0.3,0.3,1,1680.5905513626883,-121.58635616098923,1.6,-0.20000000000000018
W,Away,2016-2017,0.2,0.2,0.39999999999999997,0.0,0.6,0.8333333333333334,0.1666666666666666,0.0,0,1447.8734661581511,152.89118062335024,0.8,1.0
W,Away,2016-2017,-0.19999999999999996,0.2,0.39999999999999997,0.0,0.2,0.5,0.2,0.3,0,1559.576531348367,85.36595975504292,2.0,-0.19999999999999996
W,Home,2016-2017,0.19999999999999996,0.0,0.4,0.0,0.6,0.7,0.1,0.2,0,1311.891419235322,379.5838908193605,1.2,1.0000000000000002
W,Home,2016-2017,0.4,0.0,0.2,0.0,0.6,0.0,0.0,0.0,0,1390.7577534249726,308.30006444210585,1.2,1.4000000000000001
W,Away,2016-2017,0.4,0.2,-0.2,0.0,0.2,0.5,0.4,0.1,0,1335.2952154640836,372.822389974458,2.0,1.0
D,Home,2016-2017,0.19999999999999996,0.2,-0.2,0.0,0.0,0.8,0.1,0.1,1,1938.638758665846,-163.37310168613863,2.6,0.3999999999999999
D,Away,2016-2017,0.4,0.2,0.0,0.0,0.4,0.6,0.2,0.2,0,1361.5606581875124,424.6645379380243,1.4,1.2000000000000002
D,Home,2016-2017,0.39999999999999997,0.2,0.2,0.0,0.6,0.8,0.2,0.0,0,1098.4765255861348,708.7568272037172,0.8,1.4000000000000001
W,Away,2016-2017,0.2,0.2,0.39999999999999997,0.0,0.6,0.4,0.4,0.2,0,1308.989069015404,474.07565695704307,0.8,1.0
W,Home,2016-2017,0.0,0.4,0.19999999999999996,0.0,0.2,0.6666666666666666,0.0,0.3333333333333333,0,1363.1940720919747,502.008327363038,1.6,0.19999999999999996
D,Home,2016-2017,0.4,0.2,0.39999999999999997,0.0,0.8,0.6666666666666666,0.0,0.3333333333333333,0,1235.9634597399915,633.1884759156169,0.2,1.6
W,Away,2016-2017,0.4,0.4,0.19999999999999996,0.0,0.6,1.0,0.0,0.0,0,1215.0411121087468,630.3837380822492,0.4,1.4
D,Home,2016-2017,0.19999999999999996,0.2,0.2,0.0,0.4,0.5,0.2,0.3,0,1426.652880772001,491.8323236286237,1.4,0.8000000000000003
D,Home,2016-2017,0.0,0.0,0.4,0.0,0.4,0.6,0.2,0.2,0,1753.226032752748,143.0421981210759,1.8,0.40000000000000013
W,Away,2016-2017,0.4,0.2,0.39999999999999997,0.0,0.8,0.7,0.1,0.2,0,985.9051082137912,900.6150621552872,0.2,1.6
W,Home,2016-2017,-0.4,0.0,0.6,0.0,0.2,0.3,0.3,0.4,1,2266.3495234985744,-292.8169305718104,2.4,-0.5999999999999999
W,Away,2016-2017,0.39999999999999997,0.4,0.0,0.0,0.4,0.3333333333333333,0.6666666666666666,0.0,0,1295.203559801824,741.6022797237345,1.0,1.2000000000000002
D,Away,2016-2017,0.19999999999999996,0.4,0.0,0.0,0.2,0.4,0.2,0.4,1,2150.9185664372453,-40.147915451036624,1.6,0.6000000000000001
D,Home,2016-2017,0.39999999999999997,0.2,0.2,0.0,0.6,0.6,0.1,0.3,0,1070.6436149036797,1037.2509513731964,0.8,1.4000000000000001
L,Away,2016-2017,0.0,0.0,0.4,0.0,0.4,0.5,0.3,0.2,1,1812.3629459501,270.6588931678041,1.8,0.40000000000000013
L,Away,2016-2017,-0.4,0.0,0.4,0.2,0.2,0.4,0.3,0.3,1,2131.114219144305,-61.13700895488,2.4,-0.7999999999999998
D,Away,2016-2017,0.0,0.4,0.0,0.4,0.4,0.5555555555555556,0.2222222222222222,0.2222222222222222,0,1478.487526657004,554.7967943557287,1.0,0.0
W,Home,2016-2017,-0.4,0.0,0.6,0.4,0.6,0.8571428571428571,0.1428571428571428,0.0,0,1181.7593122214253,874.5547718474131,1.2,-0.6
W,Home,2017-2018,0.0,0.0,0.0,0.0,0.0,0.5,0.4,0.1,0,1500.0,0.0,0.0,0.0
W,Away,2017-2018,1.0,1.0,-1.0,0.0,0.0,0.5,0.2,0.3,0,1500.0,46.875,1.0,2.0
W,Home,2017-2018,0.5,0.0,0.0,0.0,0.5,0.5,0.3333333333333333,0.1666666666666666,0,1505.5754872798962,94.46065633352077,1.5,1.5
D,Away,2017-2018,0.6666666666666667,0.3333333333333333,-0.3333333333333333,0.0,0.3333333333333333,0.5,0.3,0.2,0,1501.5009294983572,126.08372808057288,1.3333333333333333,1.6666666666666667
W,Home,2017-2018,0.5,0.25,0.0,0.0,0.5,0.5,0.3,0.2,0,1453.8796205404358,182.39914296700272,1.0,1.5
W,Away,2017-2018,0.4,0.4,-0.2,0.0,0.2,0.5,0.3,0.2,0,1530.8414285420026,129.74015859662836,1.6,1.0
W,Home,2017-2018,0.8,0.0,0.2,0.0,1.0,0.875,0.125,0.0,0,1238.6205956501174,464.36666140499074,0.0,2.6
D,Away,2017-2018,0.4,0.4,-0.2,0.0,0.2,0.8,0.1,0.1,1,1564.0623095437504,144.97921762845954,1.6,1.0
L,Away,2017-2018,0.6,0.4,0.0,0.0,0.6,0.0,0.0,0.0,0,1470.2347174847123,248.6728011310804,0.4,1.8000000000000003
W,Home,2017-2018,-0.20000000000000007,0.2,0.0,0.2,0.0,0.3,0.3,0.4,1,1679.110631856119,27.742583303650235,2.6,-0.6000000000000001
L,Away,2017-2018,0.0,0.0,0.2,0.2,0.4,0.4,0.3,0.3,1,1687.2000756347295,48.41313016880031,1.8,0.19999999999999996
W,Home,2017-2018,0.2,0.4,-0.2,0.4,0.4,0.5,0.3,0.2,0,1446.336467718422,262.3532776744819,1.0,0.3999999999999999
W,Home,2017-2018,0.0,0.6,-0.39999999999999997,0.4,0.0,0.0,0.0,0.0,0,1518.0782268675523,206.4407212594872,1.8,-0.40000000000000013
W,Away,2017-2018,0.19999999999999996,0.0,0.0,0.4,0.6,0.75,0.0,0.25,0,1585.117811272475,153.99806733779383,1.2,0.6000000000000001
W,Away,2017-2018,0.0,0.0,0.0,0.2,0.2,0.5,0.2,0.3,1,1660.24649767575,131.98168761301758,2.4,0.0
L,Home,2017-2018,-0.19999999999999996,0.0,0.0,0.2,0.0,0.4,0.3,0.3,1,1975.153691715771,-131.82808541215604,3.0,-0.6000000000000001
W,Home,2017-2018,0.6000000000000001,0.6,-0.6,0.2,0.2,0.5,0.25,0.25,0,1427.0540480445095,396.3407412576785,1.2,1.2
W,Away,2017-2018,0.8,0.8,-0.8,0.2,0.2,0.4,0.3,0.3,0,1350.7349160943998,478.4514366839451,0.8,1.5999999999999999
D,Away,2017-2018,0.0,0.0,0.0,0.2,0.2,0.5714285714285714,0.2857142857142857,0.1428571428571428,0,1592.046004892274,295.8996872245948,2.4,0.0
D,Home,2017-2018,0.19999999999999996,0.2,0.0,0.2,0.4,0.5,0.5,0.0,0,1562.3782425691277,342.8659431153376,1.4,0.6000000000000001
D,Home,2017-2018,0.4,0.4,0.0,0.2,0.6,0.5,0.3,0.2,0,1279.5419313720422,606.8018822286326,0.4,1.2000000000000002
W,Away,2017-2018,0.0,0.4,0.19999999999999996,0.0,0.2,0.5,0.3,0.2,0,1478.610606432813,384.20876371490453,1.6,0.19999999999999996
W,Home,2017-2018,0.2,0.2,0.39999999999999997,0.0,0.6,0.4,0.4,0.2,0,1125.5369451568763,804.8794593524112,0.8,1.0
W,Away,2017-2018,0.4,0.4,0.19999999999999996,0.0,0.6,0.4,0.6,0.0,0,1532.3708771000163,398.888099647281,0.4,1.4
L,Away,2017-2018,0.0,0.4,0.0,0.0,0.0,0.4,0.3,0.3,1,1699.3119255790998,288.7320852872647,2.2,0.0
W,Home,2017-2018,0.6,0.2,0.0,0.2,0.8,0.0,0.0,1.0,0,1318.5014227738525,657.5813192928888,0.2,1.8
L,Away,2017-2018,0.6000000000000001,0.6,-0.6,0.2,0.2,0.6,0.2,0.2,0,1179.8300189038866,797.9175123502819,1.2,1.2
W,Home,2017-2018,0.19999999999999996,0.2,-0.2,0.4,0.4,0.4,0.3,0.3,1,1912.263316706929,64.8580146257159,1.4,0.40000000000000013
W,Away,2017-2018,0.6,0.4,-0.4,0.4,0.6,0.8888888888888888,0.1111111111111111,0.0,0,1181.7689094561624,820.8356174698931,0.4,1.4
W,Home,2017-2018,-0.20000000000000007,0.2,-0.2,0.4,0.0,0.7,0.2,0.1,1,2136.1035021027647,-71.54846022180072,2.6,-0.8
W,Home,2017-2018,0.4,0.4,-0.4,0.2,0.2,0.6,0.1,0.3,0,1257.4023226524591,844.7486715333089,1.6,0.7999999999999998
W,Away,2017-2018,-0.19999999999999996,0.0,0.0,0.2,0.0,0.4,0.3,0.3,1,2456.226887516837,-353.5006576863907,3.0,-0.6000000000000001
L,Home,2017-2018,1.0,0.2,-0.2,0.0,0.8,0.4,0.3,0.3,0,1033.4705326423907,1076.4798035017022,0.2,2.8
W,Away,2017-2018,0.6000000000000001,0.4,-0.4,0.2,0.4,0.6,0.2,0.2,0,1266.2838293994696,781.293504819532,1.0,1.4
W,Home,2017-2018,0.0,0.0,0.0,0.2,0.2,0.6,0.2,0.2,1,1763.7371534721751,358.0141094720316,2.4,0.0
L,Away,2017-2018,0.8,0.6,-0.6,0.2,0.4,1.0,0.0,0.0,0,1380.627705379188,748.1833159894447,0.6,1.7999999999999998
D,Away,2017-2018,0.39999999999999997,0.4,-0.4,0.4,0.4,0.5,0.4,0.1,0,1171.44472848624,956.5352785478062,1.0,0.8
W,Home,2017-2018,0.2,0.2,0.0,0.4,0.6,0.8,0.0,0.2,0,1172.0099248579454,980.767840063605,0.8,0.5999999999999999
W,Home,2018-2019,0.0,0.0,0.0,0.0,0.0,0.5,0.375,0.125,0,1500.0,0.0,0.0,0.0
L,Away,2018-2019,1.0,0.0,0.0,0.0,1.0,0.5,0.0,0.5,0,1462.5,68.75,0.0,3.0
L,Home,2018-2019,-0.5,0.0,0.0,0.5,0.0,0.4,0.2,0.4,1,1561.424917755973,-55.3206825526172,3.0,-1.5
W,Away,2018-2019,0.3333333333333333,0.3333333333333333,-0.3333333333333333,0.6666666666666666,0.6666666666666666,0.5,0.5,0.0,0,1434.2706924742602,34.99138875609674,0.3333333333333333,0.6666666666666667
W,Away,2018-2019,-0.5,0.0,0.0,0.5,0.0,0.8333333333333334,0.0,0.1666666666666666,0,1635.4125909996092,-124.88647835204279,3.0,-1.5
D,Home,2018-2019,0.19999999999999996,0.4,-0.4,0.4,0.2,0.75,0.0,0.25,0,1533.5121742229182,-2.508918057305891,1.6,0.19999999999999996
L,Away,2018-2019,0.2,0.2,0.0,0.4,0.6,0.5,0.4,0.1,0,1406.809422127182,124.37436206667553,0.8,0.5999999999999999
W,Home,2018-2019,0.4,0.2,0.0,0.4,0.8,0.6,0.2,0.2,0,1350.740546088624,155.82193538256524,0.2,1.2
D,Away,2018-2019,0.0,0.4,-0.2,0.2,0.0,0.4,0.3,0.3,1,1755.8236996410972,-231.15678989257208,2.2,-0.20000000000000018
W,Home,2018-2019,-0.19999999999999996,0.0,0.4,0.2,0.4,0.6,0.2,0.2,0,1515.1343921818393,-5.014851390502145,1.8,-0.19999999999999996
W,Away,2018-2019,-0.19999999999999996,0.2,0.2,0.2,0.2,0.6666666666666666,0.1666666666666666,0.1666666666666666,0,1672.1342360811177,-130.3136671560892,2.0,-0.3999999999999999
L,Away,2018-2019,-0.20000000000000007,0.2,0.0,0.2,0.0,0.4,0.3,0.3,1,1784.2239780183563,-222.3540628793271,2.6,-0.6000000000000001
D,Home,2018-2019,0.6,0.2,0.0,0.2,0.8,0.9,0.1,0.0,0,1290.4413594653083,212.74516872263598,0.2,1.8
D,Away,2018-2019,0.4,0.6,-0.19999999999999996,0.2,0.4,0.4,0.4,0.2,0,1224.006280551904,265.5361216871288,0.6,1.0
D,Home,2018-2019,0.0,0.6,-0.19999999999999996,0.2,0.0,0.6,0.2,0.2,1,1795.1459785986603,-289.51388208761546,1.8,-0.19999999999999996
W,Home,2018-2019,0.0,0.2,0.39999999999999997,0.2,0.6,0.75,0.25,0.0,0,1193.3255220675137,329.3625125426106,0.8,0.3999999999999999
L,Away,2018-2019,-0.8,0.0,0.6,0.2,0.0,0.8,0.2,0.0,1,2009.618267534157,-475.5057024584794,3.0,-1.8
W,Away,2018-2019,-0.2,0.0,0.6,0.2,0.6,0.5,0.5,0.0,0,1187.9285554051007,275.7448997282959,1.2,0.0
W,Home,2018-2019,0.4,0.0,0.4,0.2,1.0,0.5,0.0,0.5,0,1103.8298531708028,437.6784182735855,0.0,1.6
W,Home,2018-2019,0.19999999999999996,0.0,0.2,0.2,0.6,0.7142857142857143,0.1428571428571428,0.1428571428571428,0,1444.2021076703404,102.89395079979408,1.2,0.8
W,Away,2018-2019,0.6000000000000001,0.4,-0.4,0.2,0.4,0.6,0.2,0.2,0,1279.2101755698432,299.0451676061996,1.0,1.4
W,Away,2018-2019,0.0,0.0,0.0,0.2,0.2,0.4,0.1,0.5,1,1980.328088061631,-338.4491552491427,2.4,0.0
W,Home,2018-2019,0.8,0.4,-0.4,0.0,0.4,0.3333333333333333,0.0,0.6666666666666666,0,1496.9651693326598,152.7101463046406,1.0,2.0
D,Home,2018-2019,0.4,0.2,-0.2,0.0,0.2,0.5714285714285714,0.4285714285714285,0.0,0,1260.8152878702683,407.19568274569906,2.0,1.0
W,Away,2018-2019,0.6000000000000001,0.2,0.0,0.0,0.6,0.5555555555555556,0.3333333333333333,0.1111111111111111,0,1483.1054165915948,164.28272034884026,0.8,1.8
W,Away,2018-2019,0.6000000000000001,0.0,0.2,0.0,0.8,0.7777777777777778,0.2222222222222222,0.0,0,1026.0758895187428,666.3276876863908,0.6,2.0
D,Home,2018-2019,0.20000000000000007,0.4,-0.2,0.0,0.0,0.8,0.2,0.0,1,2147.941093539267,-369.88641759777556,2.2,0.3999999999999999
W,Away,2018-2019,0.19999999999999996,0.4,0.0,0.0,0.2,0.8,0.2,0.0,0,1261.1631576083776,536.5771477491242,1.6,0.6000000000000001
W,Home,2018-2019,0.39999999999999997,0.4,0.0,0.0,0.4,0.4,0.4,0.2,0,1158.286666352349,711.1857252051564,1.0,1.2000000000000002
L,Away,2018-2019,0.20000000000000007,0.2,0.0,0.0,0.2,0.6,0.2,0.2,1,1801.185441155331,69.31197445029693,2.0,0.6000000000000001
W,Home,2018-2019,0.0,0.0,0.2,0.2,0.4,0.8571428571428571,0.0,0.1428571428571428,0,1489.1128307858594,351.2679901667161,1.8,0.19999999999999996
L,Away,2018-2019,0.39999999999999997,0.4,-0.2,0.2,0.4,0.6,0.2,0.2,0,1553.0383866973812,294.64906159493876,1.0,1.0
W,Home,2018-2019,0.19999999999999996,0.0,0.0,0.4,0.6,0.4,0.4,0.2,0,1484.5385632349498,353.46322537363653,1.2,0.6000000000000001
L,Away,2018-2019,0.0,0.0,0.0,0.4,0.4,0.7,0.2,0.1,0,1657.4474958216551,187.77977592390653,1.8,0.0
L,Home,2018-2019,-0.6,0.0,0.0,0.6,0.0,0.4,0.2,0.4,1,2400.5163615700167,-579.0384767803398,3.0,-1.8
D,Home,2018-2019,-0.19999999999999996,0.2,-0.2,0.6,0.2,0.4,0.3,0.3,1,1876.513560685158,-57.61936471878789,2.0,-0.8
D,Away,2018-2019,0.2,0.0,0.2,0.6,1.0,0.6666666666666666,0.0,0.3333333333333333,0,469.6313483325564,1353.3712974712905,0.0,0.8
L,Home,2018-2019,0.0,0.0,0.4,0.4,0.8,0.6666666666666666,0.3333333333333333,0.0,0,968.837918931672,879.1440558393208,0.6,0.4
W,Home,2019-2020,0.0,0.0,0.0,0.0,0.0,0.4,0.3,0.3,1,1500.0,0.0,0.0,0.0
D,Away,2019-2020,1.0,1.0,-1.0,0.0,0.0,0.5,0.1666666666666666,0.3333333333333333,0,1500.0,46.875,1.0,2.0
L,Home,2019-2020,0.5,0.5,0.0,0.0,0.5,0.8,0.2,0.0,0,1468.75,81.47760992715575,0.5,1.5
D,Away,2019-2020,0.0,0.0,0.3333333333333333,0.3333333333333333,0.6666666666666666,0.5,0.3,0.2,0,1459.261477988988,52.519104055022126,1.0,0.33333333333333326
W,Home,2019-2020,-0.25,0.5,0.0,0.25,0.0,0.6,0.3,0.1,0,1566.0020955583757,-50.470983303433286,2.0,-0.75
L,Away,2019-2020,0.0,0.4,0.0,0.2,0.2,0.4,0.4,0.2,0,1523.2278488512904,28.061197267303214,1.6,0.0
D,Home,2019-2020,-0.2,0.4,0.0,0.4,0.2,0.6,0.2,0.2,1,1556.112971434479,-39.30174575343881,1.6,-0.6000000000000001
L,Away,2019-2020,0.0,0.4,0.0,0.4,0.4,0.6,0.2,0.2,0,1320.52703520327,199.10017749904682,1.0,0.0
D,Home,2019-2020,-0.8,0.0,0.4,0.4,0.0,0.8,0.2,0.0,1,1801.1308487404908,-296.5786248440984,3.0,-2.0
W,Away,2019-2020,0.0,0.2,0.2,0.4,0.6,0.75,0.0,0.25,0,1332.8702100831,189.0059363505743,0.8,0.19999999999999996
L,Away,2019-2020,0.0,0.6,-0.19999999999999996,0.4,0.2,0.75,0.125,0.125,0,1514.9945317887957,62.98206333285407,1.2,-0.19999999999999996
W,Home,2019-2020,-0.39999999999999997,0.0,0.4,0.4,0.4,0.5,0.0,0.5,0,1475.65917256467,76.67108008429318,1.8,-0.8
D,Away,2019-2020,0.0,0.6,-0.39999999999999997,0.4,0.0,0.0,0.0,0.0,0,1588.18216921482,-6.4955414980349815,1.8,-0.40000000000000013
D,Home,2019-2020,0.0,0.0,0.4,0.2,0.6,0.9,0.1,0.0,0,1437.74541617646,143.47387420622772,1.2,0.40000000000000013
W,Home,2019-2020,0.0,0.4,0.0,0.2,0.2,0.4,0.1,0.5,1,1522.3776845153309,49.06721912767671,1.6,0.0
W,Away,2019-2020,-0.19999999999999996,0.2,0.2,0.2,0.2,0.3,0.2,0.5,1,1776.2700142260164,-177.95933922193285,2.0,-0.3999999999999999
D,Home,2019-2020,0.19999999999999996,0.0,0.4,0.0,0.6,0.6,0.2,0.2,0,1332.9043020643312,281.916876138401,1.2,1.0000000000000002
L,Away,2019-2020,0.4,0.2,0.39999999999999997,0.0,0.8,0.875,0.0,0.125,0,1112.73033152694,485.33149779670384,0.2,1.6
W,Home,2019-2020,-0.19999999999999996,0.2,0.2,0.2,0.2,0.6,0.2,0.2,0,1422.2500483195622,171.48724118375208,2.0,-0.3999999999999999
W,Away,2019-2020,0.19999999999999996,0.0,0.2,0.2,0.6,0.5,0.5,0.0,0,1478.91835072951,138.57286239907694,1.2,0.8
L,Away,2019-2020,0.39999999999999997,0.4,-0.2,0.2,0.4,0.6,0.2,0.2,1,1480.6050220449426,188.5971933217968,1.0,1.0
W,Home,2019-2020,0.4,0.6,-0.39999999999999997,0.4,0.4,0.7777777777777778,0.0,0.2222222222222222,0,1178.9285760422422,471.3408055139373,0.6,0.7999999999999999
L,Away,2019-2020,-0.4,0.0,0.0,0.4,0.0,0.8,0.2,0.0,1,2189.018123494161,-532.9178970037453,3.0,-1.2
L,Home,2019-2020,0.39999999999999997,0.0,0.0,0.4,0.8,0.5555555555555556,0.4444444444444444,0.0,0,1399.6971219496938,184.7374920794116,0.6,1.2000000000000002
D,Home,2019-2020,0.2,0.2,-0.2,0.6,0.6,0.4285714285714285,0.2857142857142857,0.2857142857142857,0,1597.4966185242818,-68.81297948904898,0.8,0.3999999999999999
W,Away,2019-2020,0.0,0.6,-0.39999999999999997,0.6,0.2,0.5,0.3,0.2,1,1629.237580675213,-95.66619480602594,1.2,-0.3999999999999999
W,Home,2019-2020,0.2,0.4,-0.2,0.4,0.4,0.7777777777777778,0.0,0.2222222222222222,0,1270.434343827565,290.56471285383145,1.0,0.3999999999999999
D,Away,2019-2020,0.0,0.4,-0.2,0.4,0.2,0.5,0.3,0.2,0,1420.7180664459138,154.1125107172884,1.6,-0.20000000000000018
W,Home,2019-2020,-0.19999999999999996,0.2,0.2,0.2,0.2,0.4,0.2,0.4,1,2020.5014503779128,-435.25586217477985,2.0,-0.3999999999999999
D,Away,2019-2020,0.19999999999999996,0.2,0.2,0.0,0.4,0.4,0.1,0.5,1,1654.019611442725,0.5656423803707185,1.4,0.8000000000000003
W,Home,2019-2020,0.19999999999999996,0.4,0.0,0.0,0.2,0.0,1.0,0.0,0,1564.9568204190696,89.66913460909745,1.6,0.6000000000000001
W,Away,2019-2020,0.39999999999999997,0.6,-0.19999999999999996,0.0,0.2,0.6,0.0,0.4,0,1294.240597765897,393.0881852173627,1.2,1.0000000000000002
W,Home,2019-2020,0.6,0.2,0.2,0.0,0.8,0.6666666666666666,0.1111111111111111,0.2222222222222222,0,1123.6196374522808,642.9621583766625,0.2,2.0
W,Away,2019-2020,0.8,0.4,-0.2,0.0,0.6,0.8,0.2,0.0,0,1066.9704878982047,701.7199768057258,0.4,2.2
D,Home,2019-2020,0.20000000000000007,0.2,0.0,0.0,0.2,0.4,0.4,0.2,0,1398.9354251647603,455.74103293008534,2.0,0.6000000000000001
W,Away,2019-2020,0.8,0.0,0.2,0.0,1.0,0.7,0.2,0.1,0,1298.4215555755452,534.6371018425373,0.0,2.6
D,Home,2019-2020,0.20000000000000007,0.2,0.0,0.0,0.2,0.3,0.4,0.3,0,1194.0852067873468,710.6704531341652,2.0,0.6000000000000001
W,Away,2019-2020,0.19999999999999996,0.2,0.2,0.0,0.4,0.7,0.2,0.1,0,1900.686175204283,-20.108100204423863,1.4,0.8000000000000003
L,Home,2020-2021,-1.0,0.0,0.0,0.0,0.0,0.7,0.2,0.1,0,1500.0,0.0,3.0,-3.0
W,Away,2020-2021,-0.5,0.0,0.0,1.0,0.5,0.6666666666666666,0.0,0.3333333333333333,0,1496.949815418775,-34.44981541877496,1.5,-1.5
L,Home,2020-2021,0.16666666666666669,0.3333333333333333,-0.3333333333333333,0.5,0.3333333333333333,0.4,0.2,0.4,1,1510.486000906713,-19.82446534869473,1.3333333333333333,0.16666666666666674
W,Away,2020-2021,-0.16666666666666669,0.25,-0.25,0.6666666666666666,0.25,0.6,0.2,0.2,0,1514.0963947187909,-70.58498144383657,1.75,-0.75
D,Home,2020-2021,0.09999999999999998,0.4,-0.4,0.5,0.2,0.5,0.3,0.2,1,1548.512515292828,-70.01904933078686,1.6,-0.10000000000000009
L,Home,2020-2021,0.0,0.0,0.2,0.4,0.6,0.6,0.2,0.2,1,1494.4963171242737,-11.031694800509058,1.2,0.19999999999999996
W,Away,2020-2021,0.0,0.2,0.0,0.4,0.4,0.5,0.4,0.1,0,1575.1637071821813,-121.9571753630064,1.4,0.0
W,Home,2020-2021,0.4,0.4,-0.2,0.4,0.6,0.4,0.2,0.4,0,1322.2233691129773,155.83513721759095,0.4,0.9999999999999999
W,Away,2020-2021,0.0,0.4,-0.2,0.2,0.0,0.4,0.5,0.1,0,1596.0635144207008,-99.90155711191574,2.2,-0.20000000000000018
W,Away,2020-2021,0.0,0.2,0.0,0.2,0.2,0.3,0.4,0.3,0,1574.3860516190343,-55.71999656264143,2.0,0.0
D,Home,2020-2021,0.20000000000000007,0.2,-0.2,0.2,0.2,0.5,0.1,0.4,1,1576.32886902857,-26.125842152308678,2.0,0.3999999999999999
W,Away,2020-2021,0.8,0.0,0.2,0.0,1.0,0.5,0.5,0.0,0,1127.9405108286724,424.13888621181013,0.0,2.6
W,Home,2020-2021,0.4,0.2,0.0,0.0,0.4,0.0,0.0,0.0,0,1431.6330078539447,177.94267414695923,1.4,1.2000000000000002
D,Away,2020-2021,0.20000000000000007,0.0,0.2,0.0,0.4,0.8,0.1,0.1,0,1569.8829587797673,64.46022626696185,1.8,0.8
W,Home,2020-2021,0.39999999999999997,0.2,0.2,0.0,0.6,0.375,0.375,0.25,0,1469.804400057316,169.1245742492656,0.8,1.4000000000000001
W,Home,2020-2021,0.0,0.4,0.0,0.0,0.0,0.8,0.2,0.0,0,1675.6300889326596,-19.56538805015589,2.2,0.0
W,Away,2020-2021,0.20000000000000007,0.2,0.0,0.0,0.2,0.5,0.4,0.1,0,1371.4674542442374,317.6051922944757,2.0,0.6000000000000001
D,Away,2020-2021,0.4,0.4,-0.2,0.0,0.2,0.8,0.2,0.0,1,1813.012430778448,-70.09247230473602,1.6,1.0
W,Away,2020-2021,0.6,0.8,-0.4,0.0,0.2,0.8,0.2,0.0,0,1274.7280615180944,463.21566649667534,0.8,1.4000000000000001
L,Home,2020-2021,0.6000000000000001,0.0,0.2,0.0,0.8,0.6666666666666666,0.3333333333333333,0.0,0,1044.8566687530702,751.5257915360062,0.6,2.0
D,Away,2020-2021,-0.20000000000000007,0.2,0.0,0.2,0.0,0.5,0.2,0.3,1,1571.5554273025018,163.14241735990458,2.6,-0.6000000000000001
W,Home,2020-2021,0.2,0.2,0.2,0.2,0.6,0.4,0.5,0.1,0,1539.4958397160972,206.1481311013897,0.8,0.8
D,Home,2020-2021,0.0,0.2,0.2,0.2,0.4,0.5,0.4,0.1,0,1676.8409357776886,98.03459980546427,1.4,0.20000000000000018
D,Away,2020-2021,0.4,0.2,0.2,0.2,0.8,0.5,0.2,0.3,0,1010.8695665729948,757.1332486092041,0.2,1.4000000000000001
W,Home,2020-2021,-0.2,0.0,0.6,0.2,0.6,0.6,0.2,0.2,0,1212.5792266147582,579.7917389386073,1.2,0.0
D,Away,2020-2021,-0.4,0.2,0.39999999999999997,0.0,0.0,0.4,0.4,0.2,1,1781.2306209605315,13.713237967656596,2.6,-0.8
D,Away,2020-2021,0.0,0.2,0.39999999999999997,0.0,0.4,0.7,0.1,0.2,0,1373.8394295047372,422.09066412584343,1.4,0.40000000000000013
W,Away,2020-2021,-0.8,0.0,0.8,0.0,0.0,0.5,0.2,0.3,1,2070.858707098648,-253.9752195651738,3.0,-1.6
W,Home,2020-2021,-0.19999999999999996,0.2,0.39999999999999997,0.0,0.2,0.4,0.3,0.3,0,1600.3010644696417,230.69455739739442,2.0,-0.19999999999999996
W,Home,2020-2021,0.19999999999999996,0.0,0.4,0.0,0.6,0.7142857142857143,0.0,0.2857142857142857,0,1322.1517756300934,521.9371542200881,1.2,1.0000000000000002
W,Away,2020-2021,0.0,0.2,0.2,0.0,0.2,0.3,0.2,0.5,1,1675.741473754456,171.29885996185772,2.0,0.20000000000000018
W,Home,2020-2021,0.6000000000000001,0.4,-0.2,0.0,0.4,0.6,0.3,0.1,0,1221.7812586079729,679.8824799280951,1.0,1.6
D,Away,2020-2021,0.4,0.4,-0.4,0.0,0.0,1.0,0.0,0.0,0,1420.810783469503,482.3211012992092,2.2,0.7999999999999998
W,Away,2020-2021,0.4,0.2,0.0,0.0,0.4,0.8,0.2,0.0,0,1602.4420877969524,322.7593280592637,1.4,1.2000000000000002
L,Home,2020-2021,0.4,0.2,0.0,0.0,0.4,0.8,0.2,0.0,0,1763.2458631043498,226.83490750859983,1.4,1.2000000000000002
L,Home,2020-2021,0.0,0.4,-0.2,0.2,0.0,0.8,0.2,0.0,1,1783.2835405311096,157.62198583225972,2.2,-0.20000000000000018
D,Home,2020-2021,0.4,0.2,0.0,0.4,0.8,0.9,0.1,0.0,0,1002.2923419050423,885.1789410774068,0.2,1.2
W,Away,2020-2021,0.0,0.2,0.2,0.4,0.6,0.4444444444444444,0.3333333333333333,0.2222222222222222,0,1242.006647372472,620.7689840195321,0.8,0.19999999999999996
