opponent,venue,season,result,win_percent_before_team1,lose_percent_before_team1,draw_percent_before_team1,win_percent_before_team2,lose_percent_before_team2,draw_percent_before_team2,total_goals_before_team1,total_lost_goals_before_team1,total_goals_before_team2,total_lost_goals_before_team2,ELO_before_match_team1,ELO_before_match_team2,ELO_after_match_team1,ELO_after_match_team2,average_score_before_match_team1,average_score_before_match_team2,date_time,head2head_win_percent,head2head_draw_percent,head2head_lost_percent,is_opponent_big6
Newcastle United,Home,2010-2011,W,0.0,0.0,0.0,0.0,0.0,0.0,0,0,0,0,1500.0,1500.0,1543.75,1456.25,0.0,0.0,2010-08-16 00:00:00,0.0,0.0,0.0,0
Fulham,Away,2010-2011,D,1.0,0.0,0.0,0.0,0.0,1.0,3,0,0,0,1543.75,1500.0,1546.8815313114285,1503.1315313114285,3.0,1.0,2010-08-22 00:00:00,0.0,0.0,0.0,0
West Ham United,Home,2010-2011,W,0.5,0.0,0.5,0.0,1.0,0.0,5,2,1,6,1546.8815313114285,1423.4472969671426,1575.7109019264612,1364.7766675821754,2.0,0.0,2010-08-28 00:00:00,0.0,0.0,0.0,0
Everton,Away,2010-2011,D,0.6666666666666666,0.0,0.3333333333333333,0.0,0.6666666666666666,0.3333333333333333,8,2,1,3,1575.7109019264612,1439.2104627295312,1585.056908410826,1448.556469213896,2.333333333333333,0.3333333333333333,2010-09-11 00:00:00,0.0,0.0,0.0,0
Liverpool,Home,2010-2011,W,0.5,0.0,0.5,0.25,0.25,0.5,11,5,2,4,1585.056908410826,1486.7699875842252,1607.6950323222284,1446.9081114956275,2.0,1.25,2010-09-19 00:00:00,0.0,0.0,0.0,1
Bolton Wanderers,Away,2010-2011,D,0.6,0.0,0.4,0.2,0.2,0.6,14,7,7,8,1607.6950323222284,1489.3743944170844,1615.894333476033,1497.573695570889,2.2,1.2,2010-09-26 00:00:00,0.0,0.0,0.0,0
Sunderland,Away,2010-2011,D,0.4,0.0,0.6,0.2,0.2,0.6,13,9,5,5,1615.894333476033,1529.9160151820745,1621.9577013015405,1535.979383007582,1.8,1.2,2010-10-02 00:00:00,0.0,0.0,0.0,0
West Bromwich Albion,Home,2010-2011,D,0.4,0.0,0.6,0.4,0.2,0.4,11,7,8,6,1621.9577013015405,1519.7088068077771,1614.8056008715162,1512.5567063777528,1.8,1.6,2010-10-16 00:00:00,0.0,0.0,0.0,0
Stoke City,Away,2010-2011,W,0.2,0.0,0.8,0.6,0.2,0.2,10,9,7,5,1614.8056008715162,1450.868048306558,1659.7960081827778,1433.3584556178196,1.4,2.0,2010-10-24 00:00:00,0.0,0.0,0.0,0
Tottenham Hotspur,Home,2010-2011,W,0.4,0.0,0.6,0.6,0.2,0.2,9,7,8,5,1659.7960081827778,1576.420142192025,1688.4658019305616,1530.0899359398088,1.8,2.0,2010-10-30 00:00:00,0.0,0.0,0.0,1
Wolverhampton Wanderers,Home,2010-2011,W,0.4,0.0,0.6,0.2,0.6,0.2,8,5,4,8,1688.4658019305616,1394.4431401724737,1698.1810110071729,1341.658349249085,1.8,0.8,2010-11-06 00:00:00,0.0,0.0,0.0,0
Manchester City,Away,2010-2011,D,0.6,0.0,0.4,0.6,0.4,0.0,8,4,8,8,1698.1810110071729,1650.4425830072826,1701.594611800426,1653.8561838005355,2.2,1.8,2010-11-10 00:00:00,0.0,0.0,0.0,1
Aston Villa,Away,2010-2011,D,0.6,0.0,0.4,0.2,0.2,0.6,8,4,4,4,1701.594611800426,1523.5717749699388,1713.3897615000185,1535.366924669531,2.2,1.2,2010-11-13 00:00:00,0.0,0.0,0.0,0
Wigan Athletic,Home,2010-2011,W,0.6,0.0,0.4,0.2,0.4,0.4,8,4,4,6,1713.3897615000185,1428.1887796497404,1725.5568045262555,1365.3558226759776,2.2,1.0,2010-11-20 00:00:00,0.0,0.0,0.0,0
Blackburn Rovers,Home,2010-2011,W,0.6,0.0,0.4,0.6,0.4,0.0,8,3,9,8,1725.5568045262555,1516.8719416034498,1750.126735604469,1435.1918726816634,2.2,1.8,2010-11-27 00:00:00,0.0,0.0,0.0,0
Arsenal,Home,2010-2011,W,0.6,0.0,0.4,0.8,0.2,0.0,13,4,12,7,1750.126735604469,1699.7092144560847,1776.8735104205612,1663.9559892721768,2.2,2.4,2010-12-13 00:00:00,0.0,0.0,0.0,1
Sunderland,Home,2010-2011,W,0.6,0.0,0.4,0.4,0.2,0.4,12,3,6,5,1776.8735104205612,1621.0815769834414,1798.6014896563506,1567.809556219231,2.2,1.6,2010-12-26 00:00:00,0.0,1.0,0.0,0
Birmingham City,Away,2010-2011,D,0.8,0.0,0.2,0.2,0.2,0.6,14,3,3,3,1798.6014896563506,1450.1756784801034,1817.6712028676272,1469.24539169138,2.6,1.2,2010-12-28 00:00:00,0.0,0.0,0.0,0
West Bromwich Albion,Away,2010-2011,W,0.8,0.0,0.2,0.4,0.6,0.0,13,2,9,9,1817.6712028676272,1398.1523650009194,1875.043691911378,1393.02485404467,2.6,1.2,2011-01-01 00:00:00,0.0,1.0,0.0,0
Stoke City,Home,2010-2011,W,0.8,0.0,0.2,0.4,0.4,0.2,13,3,6,5,1875.043691911378,1486.8109729858083,1881.0852265746937,1430.3525076491242,2.6,1.4,2011-01-04 00:00:00,1.0,0.0,0.0,0
Tottenham Hotspur,Away,2010-2011,D,0.8,0.0,0.2,0.6,0.2,0.2,8,3,7,4,1881.0852265746937,1667.4362524313344,1894.774950709844,1681.1259765664845,2.6,2.0,2011-01-16 00:00:00,1.0,0.0,0.0,1
Birmingham City,Home,2010-2011,W,0.6,0.0,0.4,0.2,0.4,0.4,7,3,4,7,1894.774950709844,1475.191895092599,1902.9761847224504,1383.3931291052054,2.2,1.0,2011-01-22 00:00:00,0.0,1.0,0.0,0
Blackpool,Away,2010-2011,W,0.6,0.0,0.4,0.2,0.8,0.0,10,3,6,9,1902.9761847224504,1408.6117761889668,1962.0449765569256,1405.1805680234422,2.2,0.6,2011-01-25 00:00:00,0.0,0.0,0.0,0
Aston Villa,Home,2010-2011,W,0.8,0.0,0.2,0.4,0.2,0.4,12,4,7,6,1962.0449765569256,1426.719182744931,1965.3354788366507,1355.0096850246562,2.6,1.6,2011-02-01 00:00:00,0.0,1.0,0.0,0
Wolverhampton Wanderers,Away,2010-2011,L,0.8,0.0,0.2,0.2,0.8,0.0,13,4,4,10,1965.3354788366507,1189.239173727653,1964.626417137112,1251.030112028114,2.6,0.6,2011-02-05 00:00:00,1.0,0.0,0.0,0
Manchester City,Home,2010-2011,W,0.6,0.2,0.2,0.4,0.2,0.4,12,5,9,6,1964.626417137112,1862.3748386446305,1986.9360699466324,1822.184491454151,2.0,1.6,2011-02-12 00:00:00,0.0,1.0,0.0,1
Wigan Athletic,Away,2010-2011,W,0.8,0.2,0.0,0.2,0.4,0.4,14,6,8,11,1986.9360699466324,1269.8170181487303,2079.199342950437,1268.3302911525348,2.4,1.0,2011-02-26 00:00:00,1.0,0.0,0.0,0
Chelsea,Away,2010-2011,L,0.8,0.2,0.0,0.6,0.2,0.2,13,6,10,3,2079.199342950437,1819.197324652925,2067.76687861729,1870.2648603197783,2.4,2.0,2011-03-01 00:00:00,0.0,0.0,0.0,1
Liverpool,Away,2010-2011,L,0.6,0.4,0.0,0.6,0.2,0.2,11,6,6,4,2067.76687861729,1540.0902583876798,2064.3350290460785,1611.6584088164684,1.8,2.0,2011-03-06 00:00:00,1.0,0.0,0.0,1
Bolton Wanderers,Home,2010-2011,W,0.4,0.6,0.0,0.6,0.2,0.2,9,8,8,5,2064.3350290460785,1483.6646907124489,2066.468659550542,1423.2983212169122,1.2,2.0,2011-03-19 00:00:00,0.0,1.0,0.0,0
West Ham United,Away,2010-2011,W,0.6,0.4,0.0,0.4,0.2,0.4,9,6,9,5,2066.468659550542,1334.7982606454812,2140.3734515646693,1333.7030526596088,1.8,1.6,2011-04-02 00:00:00,1.0,0.0,0.0,0
Fulham,Home,2010-2011,W,0.6,0.4,0.0,0.4,0.2,0.4,11,7,8,5,2140.3734515646693,1453.9136384048038,2141.788078628046,1380.3282654681807,1.8,1.6,2011-04-09 00:00:00,0.0,1.0,0.0,0
Newcastle United,Away,2010-2011,D,0.6,0.4,0.0,0.2,0.6,0.2,9,7,6,9,2141.788078628046,1465.766631546236,2165.7877571064328,1489.7663100246225,1.8,0.8,2011-04-19 00:00:00,1.0,0.0,0.0,0
Everton,Home,2010-2011,W,0.6,0.2,0.2,0.6,0.0,0.4,8,5,10,4,2165.7877571064328,1538.6406015478424,2167.43372540898,1477.7865698503897,2.0,2.2,2011-04-23 00:00:00,0.0,1.0,0.0,0
Arsenal,Away,2010-2011,L,0.8,0.0,0.2,0.2,0.2,0.6,8,2,8,7,2167.43372540898,1963.3894310091125,2152.681892904689,2011.1375985048212,2.6,1.2,2011-05-01 00:00:00,1.0,0.0,0.0,1
Chelsea,Home,2010-2011,W,0.6,0.2,0.2,1.0,0.0,0.0,7,3,12,3,2152.681892904689,2076.9675669014086,2177.2275842936265,2039.013258290346,2.0,3.0,2011-05-08 00:00:00,0.0,0.0,1.0,1
Blackburn Rovers,Away,2010-2011,D,0.6,0.2,0.2,0.2,0.4,0.4,5,2,3,5,2177.2275842936265,1272.436901779154,2201.955549793932,1297.1648672794597,2.0,1.0,2011-05-14 00:00:00,1.0,0.0,0.0,0
Blackpool,Home,2010-2011,W,0.4,0.2,0.4,0.2,0.2,0.6,4,3,7,8,2201.955549793932,1309.6729368547108,2202.39388771958,1235.1112747803584,1.6,1.2,2011-05-22 00:00:00,1.0,0.0,0.0,0
West Bromwich Albion,Away,2011-2012,W,0.0,0.0,0.0,0.0,0.0,0.0,0,0,0,0,1500.0,1500.0,1531.25,1468.75,0.0,0.0,2011-08-14 00:00:00,0.5,0.5,0.0,0
Tottenham Hotspur,Home,2011-2012,W,1.0,0.0,0.0,0.0,0.0,0.0,2,1,0,0,1500.0,1500.0,1543.75,1456.25,3.0,0.0,2011-08-22 00:00:00,0.5,0.5,0.0,1
Arsenal,Home,2011-2012,W,1.0,0.0,0.0,0.0,0.5,0.5,5,1,0,2,1543.75,1462.5,1584.673014540517,1397.173014540517,3.0,0.5,2011-08-28 00:00:00,0.5,0.0,0.5,1
Bolton Wanderers,Away,2011-2012,W,1.0,0.0,0.0,0.3333333333333333,0.6666666666666666,0.0,13,3,7,6,1584.673014540517,1475.767065726021,1649.851931872384,1440.945983057888,3.0,1.0,2011-09-10 00:00:00,0.5,0.5,0.0,0
Chelsea,Home,2011-2012,W,1.0,0.0,0.0,0.75,0.0,0.25,18,3,7,3,1649.851931872384,1602.3248940661715,1682.2539232708098,1559.7268854645974,3.0,2.5,2011-09-18 00:00:00,0.5,0.0,0.5,1
Stoke City,Away,2011-2012,D,1.0,0.0,0.0,0.4,0.2,0.4,21,4,3,5,1682.2539232708098,1540.7835217869535,1691.905910743324,1550.4355092594678,3.0,1.6,2011-09-24 00:00:00,1.0,0.0,0.0,0
Norwich City,Home,2011-2012,W,0.8,0.0,0.2,0.4,0.4,0.2,20,4,6,7,1691.905910743324,1489.6662362806865,1709.748984769837,1432.5093103071997,2.6,1.4,2011-10-01 00:00:00,0.0,0.0,0.0,0
Liverpool,Away,2011-2012,D,0.8,0.0,0.2,0.6,0.4,0.0,19,4,7,7,1709.748984769837,1580.7710182145584,1718.6256282498,1589.6476616945213,2.6,1.8,2011-10-15 00:00:00,0.5,0.0,0.5,1
Manchester City,Home,2011-2012,L,0.6,0.0,0.4,0.8,0.0,0.2,12,3,15,3,1718.6256282498,1810.8450758474744,1681.593944356803,1873.813391954477,2.2,2.6,2011-10-23 00:00:00,0.5,0.5,0.0,1
Everton,Away,2011-2012,W,0.4,0.2,0.4,0.4,0.6,0.0,8,9,7,9,1681.593944356803,1429.3188618202423,1732.2401097673549,1417.4650272307945,1.6,1.2,2011-10-29 00:00:00,0.5,0.5,0.0,0
Sunderland,Home,2011-2012,W,0.4,0.2,0.4,0.2,0.4,0.4,6,8,8,8,1732.2401097673549,1494.4319488159133,1744.914619711987,1444.6064587605454,1.6,1.0,2011-11-05 00:00:00,0.5,0.5,0.0,0
Swansea City,Away,2011-2012,W,0.6,0.2,0.2,0.4,0.2,0.4,6,7,8,6,1744.914619711987,1460.1245613007677,1797.255308046438,1449.9652496352187,2.0,1.6,2011-11-19 00:00:00,0.0,0.0,0.0,0
Newcastle United,Home,2011-2012,D,0.6,0.2,0.2,0.6,0.2,0.2,5,7,9,7,1797.255308046438,1634.53330668067,1786.3336467670244,1623.6116454012565,2.0,2.0,2011-11-26 00:00:00,0.5,0.5,0.0,0
Aston Villa,Away,2011-2012,W,0.6,0.2,0.2,0.2,0.4,0.4,5,7,6,8,1786.3336467670244,1429.1628480936954,1841.7434308459808,1422.0726321726515,2.0,1.0,2011-12-03 00:00:00,0.5,0.5,0.0,0
Wolverhampton Wanderers,Home,2011-2012,W,0.8,0.0,0.2,0.4,0.6,0.0,5,1,7,10,1841.7434308459808,1282.8548391109125,1845.1141733442216,1198.725581609153,2.6,1.2,2011-12-10 00:00:00,0.5,0.0,0.5,0
Queens Park Rangers,Away,2011-2012,W,0.8,0.0,0.2,0.2,0.6,0.2,8,2,7,9,1845.1141733442216,1450.2910249671377,1913.109012962962,1443.285864585878,2.6,0.8,2011-12-18 00:00:00,0.0,0.0,0.0,0
Fulham,Away,2011-2012,W,0.8,0.0,0.2,0.4,0.2,0.4,9,2,4,3,1913.109012962962,1478.384505401456,2005.5405304119413,1470.8160228504355,2.6,1.6,2011-12-21 00:00:00,0.5,0.5,0.0,0
Wigan Athletic,Home,2011-2012,W,0.8,0.0,0.2,0.4,0.2,0.4,13,2,5,7,2005.5405304119413,1284.8877236030455,2007.0949357169989,1186.442128908103,2.6,1.6,2011-12-26 00:00:00,1.0,0.0,0.0,0
Blackburn Rovers,Home,2011-2012,L,1.0,0.0,0.0,0.2,0.6,0.2,17,1,8,9,2007.0949357169989,1212.4039433705943,1945.2327551446049,1213.0417627982,3.0,0.8,2011-12-31 00:00:00,0.5,0.5,0.0,0
Newcastle United,Away,2011-2012,L,0.8,0.2,0.0,0.2,0.6,0.2,18,4,7,10,1945.2327551446049,1526.2196513102392,1938.0350325801464,1606.5219287457808,2.4,0.8,2012-01-04 00:00:00,0.3333333333333333,0.6666666666666666,0.0,0
Bolton Wanderers,Home,2011-2012,W,0.6,0.4,0.0,0.4,0.4,0.2,14,6,5,7,1938.0350325801464,1181.2019020654875,1939.142657170808,1094.809526656149,1.8,1.4,2012-01-14 00:00:00,0.6666666666666666,0.3333333333333333,0.0,0
Arsenal,Away,2011-2012,W,0.6,0.4,0.0,0.4,0.4,0.2,15,6,7,7,1939.142657170808,1627.2923714528004,1992.7400369952456,1618.3897512772385,1.8,1.4,2012-01-22 00:00:00,0.6666666666666666,0.0,0.3333333333333333,1
Stoke City,Home,2011-2012,W,0.6,0.4,0.0,0.2,0.2,0.6,12,7,5,5,1992.7400369952456,1513.2271581127638,1997.2031133560308,1442.6902344735488,1.8,1.2,2012-01-31 00:00:00,0.6666666666666666,0.3333333333333333,0.0,0
Chelsea,Away,2011-2012,D,0.6,0.4,0.0,0.4,0.2,0.4,9,7,5,5,1997.2031133560308,1783.289213840994,2010.906178746396,1796.9922792313591,1.8,1.6,2012-02-05 00:00:00,0.6666666666666666,0.0,0.3333333333333333,1
Liverpool,Home,2011-2012,W,0.6,0.2,0.2,0.2,0.4,0.4,10,7,4,6,2010.906178746396,1754.8010454200562,2022.5496806534436,1703.9445473271037,2.0,1.0,2012-02-11 00:00:00,0.3333333333333333,0.3333333333333333,0.3333333333333333,1
Norwich City,Away,2011-2012,W,0.8,0.0,0.2,0.6,0.2,0.2,12,5,7,6,2022.5496806534436,1518.6974294338922,2081.791339292808,1515.439088073257,2.6,2.0,2012-02-26 00:00:00,1.0,0.0,0.0,0
Tottenham Hotspur,Away,2011-2012,W,0.8,0.0,0.2,0.4,0.4,0.2,11,6,12,9,2081.791339292808,1807.2179171783537,2143.987749197743,1794.414327083289,2.6,1.4,2012-03-04 00:00:00,0.6666666666666666,0.3333333333333333,0.0,1
West Bromwich Albion,Home,2011-2012,W,0.8,0.0,0.2,0.6,0.2,0.2,12,6,12,4,2143.987749197743,1484.0773841064572,2145.6308531267773,1410.7204880354911,2.6,2.0,2012-03-11 00:00:00,0.6666666666666666,0.3333333333333333,0.0,0
Wolverhampton Wanderers,Away,2011-2012,W,0.8,0.0,0.2,0.2,0.6,0.2,12,6,5,15,2145.6308531267773,990.6697695197114,2245.5014231659525,990.5403395588868,2.6,0.8,2012-03-18 00:00:00,0.6666666666666666,0.0,0.3333333333333333,0
Fulham,Home,2011-2012,W,1.0,0.0,0.0,0.6,0.4,0.0,14,3,8,5,2245.5014231659525,1490.8182147276882,2246.302309538285,1429.1191011000208,3.0,1.8,2012-03-26 00:00:00,0.6666666666666666,0.3333333333333333,0.0,0
Blackburn Rovers,Away,2011-2012,W,1.0,0.0,0.0,0.4,0.4,0.2,13,2,6,6,2246.302309538285,1234.0639362605516,2321.0819218770225,1233.843548599289,3.0,1.4,2012-04-02 00:00:00,0.3333333333333333,0.3333333333333333,0.3333333333333333,0
Queens Park Rangers,Home,2011-2012,W,1.0,0.0,0.0,0.4,0.4,0.2,13,1,8,9,2321.0819218770225,1271.5062222639888,2321.259787020277,1196.6840874072436,3.0,1.4,2012-04-08 00:00:00,1.0,0.0,0.0,0
Wigan Athletic,Away,2011-2012,L,1.0,0.0,0.0,0.4,0.2,0.4,12,0,7,5,2321.259787020277,1088.212793590848,2321.208156842282,1150.6611634128526,3.0,1.6,2012-04-11 00:00:00,1.0,0.0,0.0,0
Aston Villa,Home,2011-2012,W,0.8,0.2,0.0,0.2,0.4,0.4,10,1,5,9,2321.208156842282,1365.9129957948603,2321.590066441074,1272.5449053936525,2.4,1.0,2012-04-15 00:00:00,0.6666666666666666,0.3333333333333333,0.0,0
Everton,Home,2011-2012,D,0.8,0.2,0.0,0.6,0.2,0.2,9,1,10,3,2321.590066441074,1564.071380794097,2297.220533362832,1539.7018477158542,2.4,2.0,2012-04-22 00:00:00,0.6666666666666666,0.3333333333333333,0.0,0
Manchester City,Away,2011-2012,L,0.6,0.2,0.2,0.6,0.2,0.2,12,5,15,5,2297.220533362832,2330.400829922698,2262.995180474656,2358.6754770345224,2.0,2.0,2012-04-30 00:00:00,0.3333333333333333,0.3333333333333333,0.3333333333333333,1
Swansea City,Home,2011-2012,W,0.4,0.4,0.2,0.2,0.4,0.4,10,6,8,10,2262.995180474656,1563.44099875828,2264.30889561876,1489.7547139023836,1.4,1.0,2012-05-06 00:00:00,1.0,0.0,0.0,0
Sunderland,Away,2011-2012,W,0.4,0.4,0.2,0.0,0.4,0.6,10,6,3,8,2264.30889561876,1478.9492296093852,2326.1362573842703,1478.2765913748956,1.4,0.6,2012-05-13 00:00:00,0.6666666666666666,0.3333333333333333,0.0,0
Everton,Away,2012-2013,L,0.0,0.0,0.0,0.0,0.0,0.0,0,0,0,0,1500.0,1500.0,1468.75,1531.25,0.0,0.0,2012-08-20 00:00:00,0.5,0.5,0.0,0
Fulham,Home,2012-2013,W,0.0,1.0,0.0,1.0,0.0,0.0,0,1,5,0,1468.75,1550.0,1507.1776385055782,1525.9276385055782,0.0,3.0,2012-08-25 00:00:00,0.75,0.25,0.0,0
Southampton,Away,2012-2013,W,0.5,0.5,0.0,0.0,1.0,0.0,3,3,2,5,1507.1776385055782,1430.5754872798962,1545.2080849551303,1406.1059337294482,1.5,0.0,2012-09-02 00:00:00,0.0,0.0,0.0,0
Wigan Athletic,Home,2012-2013,W,0.6666666666666666,0.3333333333333333,0.0,0.3333333333333333,0.3333333333333333,0.3333333333333333,6,5,4,4,1545.2080849551303,1499.3740223106174,1585.9349109314808,1446.350848286968,2.0,1.3333333333333333,2012-09-15 00:00:00,0.75,0.0,0.25,0
Liverpool,Away,2012-2013,W,0.75,0.25,0.0,0.0,0.5,0.5,10,5,3,8,1585.9349109314808,1423.546651032022,1630.8126881137289,1405.9244282142702,2.25,0.5,2012-09-23 00:00:00,0.5,0.25,0.25,1
Tottenham Hotspur,Home,2012-2013,L,0.8,0.2,0.0,0.4,0.2,0.4,12,6,8,6,1630.8126881137289,1534.2474199299943,1591.0940998510537,1557.028831667319,2.4,1.6,2012-09-29 00:00:00,0.75,0.25,0.0,1
Newcastle United,Away,2012-2013,W,0.8,0.2,0.0,0.2,0.2,0.6,14,8,6,7,1591.0940998510537,1519.6600473332028,1643.7146197269774,1484.7805672091265,2.4,1.2,2012-10-07 00:00:00,0.25,0.5,0.25,0
Stoke City,Home,2012-2013,W,0.8,0.2,0.0,0.2,0.2,0.6,14,6,5,4,1643.7146197269774,1510.910402052981,1667.5401586728244,1459.735940998828,2.4,1.2,2012-10-20 00:00:00,0.75,0.25,0.0,0
Chelsea,Away,2012-2013,W,0.8,0.2,0.0,0.8,0.0,0.2,15,6,11,4,1667.5401586728244,1737.2906617777576,1692.5994160423654,1699.8499191472986,2.4,2.6,2012-10-28 00:00:00,0.5,0.25,0.25,1
Arsenal,Home,2012-2013,W,0.8,0.2,0.0,0.4,0.4,0.2,14,8,6,5,1692.5994160423654,1583.7732001961003,1714.3691037941103,1543.0428879478452,2.4,1.4,2012-11-03 00:00:00,0.75,0.0,0.25,1
Aston Villa,Away,2012-2013,W,0.8,0.2,0.0,0.2,0.4,0.4,14,8,3,5,1714.3691037941103,1401.2225995757844,1768.0232977209298,1392.376793502604,2.4,1.0,2012-11-10 00:00:00,0.75,0.25,0.0,0
Norwich City,Away,2012-2013,L,1.0,0.0,0.0,0.4,0.2,0.4,15,7,4,5,1768.0232977209298,1393.5615215271948,1761.5350862024102,1449.5733100086752,3.0,1.6,2012-11-17 00:00:00,1.0,0.0,0.0,0
Queens Park Rangers,Home,2012-2013,W,0.8,0.2,0.0,0.0,0.6,0.4,12,8,3,7,1761.5350862024102,1200.6793567716977,1764.3930015719768,1128.5372721412643,2.4,0.4,2012-11-24 00:00:00,1.0,0.0,0.0,0
West Ham United,Home,2012-2013,W,0.8,0.2,0.0,0.2,0.4,0.4,11,7,4,6,1764.3930015719768,1555.323451867457,1778.821312883357,1507.251763178837,2.4,1.0,2012-11-28 00:00:00,1.0,0.0,0.0,0
Reading,Away,2012-2013,W,0.8,0.2,0.0,0.2,0.4,0.4,9,5,5,6,1778.821312883357,1367.8891524501762,1835.956289119184,1362.5241286860037,2.4,1.0,2012-12-01 00:00:00,0.0,0.0,0.0,0
Manchester City,Away,2012-2013,W,0.8,0.2,0.0,0.6,0.0,0.4,11,7,10,2,1835.956289119184,1784.267531064189,1871.8214214839195,1757.6326634289242,2.4,2.2,2012-12-09 00:00:00,0.25,0.25,0.5,1
Sunderland,Home,2012-2013,W,0.8,0.2,0.0,0.2,0.6,0.2,11,7,7,9,1871.8214214839195,1357.2772252421803,1875.5095120288456,1285.9653157871064,2.4,0.8,2012-12-15 00:00:00,0.75,0.25,0.0,0
Swansea City,Away,2012-2013,D,1.0,0.0,0.0,0.4,0.4,0.2,14,7,8,6,1875.5095120288456,1530.9478316410202,1894.461969130077,1549.9002887422516,3.0,1.4,2012-12-23 00:00:00,1.0,0.0,0.0,0
Newcastle United,Home,2012-2013,W,0.8,0.0,0.2,0.4,0.6,0.0,12,7,7,7,1894.461969130077,1425.3722472730285,1898.3967068440224,1366.8069849869737,2.6,1.2,2012-12-26 00:00:00,0.4,0.4,0.2,0
West Bromwich Albion,Home,2012-2013,W,0.8,0.0,0.2,0.4,0.4,0.2,15,10,4,5,1898.3967068440224,1686.0050659579194,1915.4573247666613,1628.0656838805587,2.6,1.4,2012-12-29 00:00:00,0.75,0.25,0.0,0
Wigan Athletic,Away,2012-2013,W,0.8,0.0,0.2,0.2,0.6,0.2,13,7,7,7,1915.4573247666613,1247.459269432661,2007.2449188347896,1245.496863500789,2.6,0.8,2013-01-01 00:00:00,0.8,0.0,0.2,0
Liverpool,Home,2012-2013,W,0.8,0.0,0.2,0.6,0.4,0.0,14,5,12,6,2007.2449188347896,1563.7541845284984,2011.759254050025,1505.7685197437336,2.6,1.8,2013-01-13 00:00:00,0.6,0.2,0.2,1
Tottenham Hotspur,Away,2012-2013,D,0.8,0.0,0.2,0.6,0.0,0.4,13,5,9,2,2011.759254050025,1755.873220749534,2027.4348891760649,1771.548855875574,2.6,2.2,2013-01-20 00:00:00,0.6,0.2,0.2,1
Southampton,Home,2012-2013,W,0.8,0.0,0.2,0.2,0.0,0.8,13,5,7,6,2027.4348891760649,1326.323769813246,2028.5200534714825,1264.9089341086635,2.6,1.4,2013-01-30 00:00:00,1.0,0.0,0.0,0
Fulham,Away,2012-2013,W,0.8,0.0,0.2,0.4,0.4,0.2,11,3,7,7,2028.5200534714825,1396.4953495540722,2089.4184891796226,1394.8937852622123,2.6,1.4,2013-02-02 00:00:00,0.8,0.2,0.0,0
Everton,Home,2012-2013,W,0.8,0.0,0.2,0.4,0.0,0.6,10,3,7,5,2089.4184891796226,1722.194565588048,2097.4998963896264,1655.275972798052,2.6,1.8,2013-02-10 00:00:00,0.4,0.4,0.2,0
Queens Park Rangers,Away,2012-2013,W,0.8,0.0,0.2,0.0,0.2,0.8,8,3,2,5,2097.4998963896264,1070.3125817732534,2172.2976316583045,1070.1103170419317,2.6,0.8,2013-02-23 00:00:00,1.0,0.0,0.0,0
Norwich City,Home,2012-2013,W,0.8,0.0,0.2,0.2,0.2,0.6,8,2,3,7,2172.2976316583045,1429.1073874227125,2173.5800038905218,1336.6397596549298,2.6,1.2,2013-03-02 00:00:00,0.6666666666666666,0.0,0.3333333333333333,0
Reading,Home,2012-2013,W,1.0,0.0,0.0,0.2,0.8,0.0,11,1,5,11,2173.5800038905218,1169.49159872443,2173.7724546619907,1107.1840494958988,3.0,0.6,2013-03-16 00:00:00,1.0,0.0,0.0,0
Sunderland,Away,2012-2013,W,1.0,0.0,0.0,0.0,0.6,0.4,10,0,5,9,2173.7724546619907,1338.7086262188084,2235.765830711825,1338.202002268643,3.0,0.4,2013-03-30 00:00:00,0.8,0.2,0.0,0
Manchester City,Home,2012-2013,L,1.0,0.0,0.0,0.6,0.4,0.0,10,0,8,5,2235.765830711825,2030.7020172957536,2187.951624266001,2045.3878108499307,3.0,1.8,2013-04-08 00:00:00,0.4,0.2,0.4,1
Stoke City,Away,2012-2013,W,0.8,0.2,0.0,0.0,0.8,0.2,9,2,2,7,2187.951624266001,1212.5470292758953,2262.679372685596,1212.274777695489,2.4,0.2,2013-04-14 00:00:00,0.8,0.2,0.0,0
West Ham United,Away,2012-2013,D,0.8,0.2,0.0,0.4,0.2,0.4,9,2,5,4,2262.679372685596,1403.8839979157185,2287.3254596276925,1428.530084857815,2.4,1.6,2013-04-17 00:00:00,1.0,0.0,0.0,0
Aston Villa,Home,2012-2013,W,0.6,0.2,0.2,0.6,0.2,0.2,7,4,10,7,2287.3254596276925,1213.0355652010558,2287.5055078141622,1125.7156133875255,2.0,2.0,2013-04-22 00:00:00,0.8,0.2,0.0,0
Arsenal,Away,2012-2013,D,0.6,0.2,0.2,0.8,0.0,0.2,9,4,10,3,2287.5055078141622,1897.6594380323863,2307.7126766037773,1917.866606822001,2.0,2.6,2013-04-28 00:00:00,0.8,0.0,0.2,1
Chelsea,Home,2012-2013,L,0.4,0.2,0.4,0.6,0.2,0.2,9,5,10,5,2307.7126766037773,1935.534919918785,2251.7777377572424,1942.0999810722503,1.6,2.0,2013-05-05 00:00:00,0.6,0.2,0.2,1
Swansea City,Home,2012-2013,W,0.4,0.2,0.4,0.2,0.2,0.6,8,4,5,6,2251.7777377572424,1561.122289170648,2252.92898113146,1499.7735325448657,1.6,1.2,2013-05-12 00:00:00,0.6666666666666666,0.3333333333333333,0.0,0
West Bromwich Albion,Away,2012-2013,D,0.4,0.2,0.4,0.2,0.6,0.2,8,5,6,9,2252.92898113146,1422.3989364058607,2277.5130541572357,1446.9830094316358,1.6,0.8,2013-05-19 00:00:00,0.8,0.2,0.0,0
Swansea City,Away,2013-2014,W,0.0,0.0,0.0,0.0,0.0,0.0,0,0,0,0,1500.0,1500.0,1543.75,1456.25,0.0,0.0,2013-08-17 00:00:00,0.75,0.25,0.0,0
Chelsea,Home,2013-2014,D,1.0,0.0,0.0,1.0,0.0,0.0,4,1,4,1,1543.75,1568.75,1545.5457963472552,1570.5457963472552,3.0,3.0,2013-08-26 00:00:00,0.5,0.1666666666666666,0.3333333333333333,1
Liverpool,Away,2013-2014,L,0.5,0.0,0.5,1.0,0.0,0.0,4,1,2,0,1545.5457963472552,1564.7447454340688,1512.5707075810517,1594.269656667865,2.0,3.0,2013-09-01 00:00:00,0.6666666666666666,0.1666666666666666,0.1666666666666666,1
Crystal Palace,Home,2013-2014,W,0.3333333333333333,0.3333333333333333,0.3333333333333333,0.3333333333333333,0.6666666666666666,0.0,4,2,4,4,1512.5707075810517,1477.886969248752,1546.339550370358,1436.6558120380582,1.3333333333333333,1.0,2013-09-14 00:00:00,0.0,0.0,0.0,0
Manchester City,Away,2013-2014,L,0.5,0.25,0.25,0.5,0.25,0.25,6,2,8,3,1546.339550370358,1559.9543484928558,1500.8760162915946,1601.9908144140925,1.75,1.75,2013-09-22 00:00:00,0.3333333333333333,0.1666666666666666,0.5,1
West Bromwich Albion,Home,2013-2014,L,0.4,0.4,0.2,0.2,0.4,0.4,7,6,4,4,1500.8760162915946,1462.8122335310718,1466.216011689288,1490.6522289287652,1.4,1.0,2013-09-28 00:00:00,0.6666666666666666,0.3333333333333333,0.0,0
Sunderland,Away,2013-2014,W,0.2,0.6,0.2,0.0,0.8,0.2,4,7,4,13,1466.216011689288,1339.1147877797266,1508.414012175854,1318.8127882662925,0.8,0.2,2013-10-05 00:00:00,0.8333333333333334,0.1666666666666666,0.0,0
Southampton,Home,2013-2014,D,0.4,0.6,0.0,0.6,0.2,0.2,6,8,5,1,1508.414012175854,1578.2501152482955,1513.372523677291,1583.2086267497325,1.2,2.0,2013-10-19 00:00:00,1.0,0.0,0.0,0
Stoke City,Home,2013-2014,W,0.4,0.4,0.2,0.0,0.6,0.4,7,8,1,5,1513.372523677291,1431.1714000528443,1537.3639008459268,1392.6627772214802,1.4,0.4,2013-10-26 00:00:00,0.8333333333333334,0.1666666666666666,0.0,0
Fulham,Away,2013-2014,W,0.4,0.4,0.2,0.4,0.6,0.0,8,10,6,7,1537.3639008459268,1431.5406651967917,1585.9452166201258,1405.1219809709908,1.4,1.2,2013-11-02 00:00:00,0.8333333333333334,0.1666666666666666,0.0,0
Arsenal,Home,2013-2014,W,0.6,0.2,0.2,0.8,0.0,0.2,10,7,11,3,1585.9452166201258,1778.3574136705322,1632.9254636726562,1762.8376607230623,2.0,2.6,2013-11-10 00:00:00,0.6666666666666666,0.1666666666666666,0.1666666666666666,1
Cardiff City,Away,2013-2014,D,0.8,0.0,0.2,0.2,0.6,0.2,10,5,3,8,1632.9254636726562,1419.200914227119,1646.6189948061008,1432.8944453605636,2.6,0.8,2013-11-24 00:00:00,0.0,0.0,0.0,0
Tottenham Hotspur,Away,2013-2014,D,0.6,0.0,0.4,0.4,0.4,0.2,10,6,3,7,1646.6189948061008,1493.6376011690452,1656.9666501027657,1503.98525646571,2.2,1.4,2013-12-01 00:00:00,0.5,0.3333333333333333,0.1666666666666666,1
Everton,Home,2013-2014,L,0.6,0.0,0.4,0.4,0.0,0.6,11,7,9,3,1656.9666501027657,1671.7915880413857,1627.049266481357,1704.374204419977,2.2,1.8,2013-12-04 00:00:00,0.5,0.3333333333333333,0.1666666666666666,0
Newcastle United,Home,2013-2014,L,0.4,0.2,0.4,0.8,0.2,0.0,8,6,7,5,1627.049266481357,1568.0643448197045,1590.5442744122586,1594.0593527506055,1.6,2.4,2013-12-07 00:00:00,0.5,0.3333333333333333,0.1666666666666666,0
Aston Villa,Away,2013-2014,W,0.2,0.4,0.4,0.4,0.2,0.4,5,6,7,6,1590.5442744122586,1495.5693142150226,1645.9645195035882,1463.4895593063522,1.0,1.6,2013-12-15 00:00:00,0.8333333333333334,0.1666666666666666,0.0,0
West Ham United,Home,2013-2014,W,0.2,0.4,0.4,0.2,0.6,0.2,7,6,4,8,1645.9645195035882,1354.1507343606722,1657.748515287324,1290.934730144408,1.0,0.8,2013-12-21 00:00:00,0.75,0.25,0.0,0
Hull City,Away,2013-2014,W,0.4,0.4,0.2,0.2,0.2,0.6,8,5,5,5,1657.748515287324,1345.6510874532073,1711.3567509386394,1336.7593231045228,1.4,1.2,2013-12-26 00:00:00,0.0,0.0,0.0,0
Norwich City,Away,2013-2014,W,0.6,0.4,0.0,0.2,0.4,0.4,9,5,5,8,1711.3567509386394,1229.6972709295408,1770.180509147123,1226.0210291380245,1.8,1.0,2013-12-28 00:00:00,0.75,0.0,0.25,0
Tottenham Hotspur,Home,2013-2014,L,0.8,0.2,0.0,0.6,0.2,0.2,10,4,9,9,1770.180509147123,1605.9026160525689,1725.1654188233356,1623.3875257287814,2.4,2.0,2014-01-01 00:00:00,0.4285714285714285,0.4285714285714285,0.1428571428571428,1
Swansea City,Home,2013-2014,W,0.8,0.2,0.0,0.0,0.6,0.4,11,5,5,8,1725.1654188233356,1407.4982375085149,1735.5454527375566,1342.878271422736,2.4,0.4,2014-01-11 00:00:00,0.8,0.2,0.0,0
Chelsea,Away,2013-2014,L,0.8,0.2,0.0,0.8,0.0,0.2,10,5,8,1,1735.5454527375566,1977.001673818199,1675.501827891197,1991.9580489718396,2.4,2.6,2014-01-19 00:00:00,0.4285714285714285,0.2857142857142857,0.2857142857142857,1
Cardiff City,Home,2013-2014,W,0.6,0.4,0.0,0.0,0.8,0.2,8,7,4,13,1675.501827891197,1150.543857785776,1678.9852935641702,1079.0273234587492,1.8,0.2,2014-01-28 00:00:00,0.0,1.0,0.0,0
Stoke City,Away,2013-2014,L,0.6,0.4,0.0,0.0,0.8,0.2,7,5,4,11,1678.9852935641702,1293.379708130106,1672.8607197334688,1349.7551342994047,1.8,0.2,2014-02-01 00:00:00,0.8571428571428571,0.1428571428571428,0.0,0
Fulham,Home,2013-2014,D,0.4,0.6,0.0,0.2,0.8,0.0,7,7,3,12,1672.8607197334688,1041.4453176786214,1649.146357195331,1017.7309551404832,1.2,0.6,2014-02-09 00:00:00,0.8571428571428571,0.1428571428571428,0.0,0
Arsenal,Away,2013-2014,D,0.4,0.4,0.2,0.6,0.2,0.2,8,7,9,8,1649.146357195331,2009.762845939816,1629.7195478732772,1990.336036617762,1.4,2.0,2014-02-12 00:00:00,0.7142857142857143,0.1428571428571428,0.1428571428571428,1
Crystal Palace,Away,2013-2014,W,0.2,0.4,0.4,0.6,0.4,0.0,6,7,5,5,1629.7195478732772,1194.7270156243808,1699.0512757331976,1189.0587434843012,1.0,1.8,2014-02-22 00:00:00,1.0,0.0,0.0,0
West Bromwich Albion,Away,2013-2014,W,0.4,0.2,0.4,0.0,0.4,0.6,7,4,7,10,1699.0512757331976,1303.1181561257013,1778.4258078290316,1294.9926882215352,1.6,0.6,2014-03-08 00:00:00,0.5714285714285714,0.2857142857142857,0.1428571428571428,0
Liverpool,Home,2013-2014,L,0.4,0.2,0.4,0.8,0.0,0.2,8,4,16,7,1778.4258078290316,1996.3336874513568,1759.0057861729356,2064.413665795261,1.6,2.6,2014-03-16 00:00:00,0.5714285714285714,0.1428571428571428,0.2857142857142857,1
West Ham United,Away,2013-2014,W,0.4,0.2,0.4,0.6,0.4,0.0,7,5,8,5,1759.0057861729356,1355.9009774980702,1827.2975786371285,1349.1927699622631,1.6,1.8,2014-03-22 00:00:00,0.8,0.2,0.0,0
Manchester City,Home,2013-2014,L,0.6,0.2,0.2,0.6,0.2,0.2,7,3,8,1,1827.2975786371285,2190.6509795290485,1817.680193225556,2268.533594117476,2.0,2.0,2014-03-25 00:00:00,0.2857142857142857,0.1428571428571428,0.5714285714285714,1
Aston Villa,Home,2013-2014,W,0.6,0.4,0.0,0.4,0.4,0.2,7,6,6,6,1817.680193225556,1360.2702158813076,1823.546244577889,1278.6362672336409,1.8,1.4,2014-03-29 00:00:00,0.8571428571428571,0.1428571428571428,0.0,0
Newcastle United,Away,2013-2014,W,0.6,0.4,0.0,0.4,0.6,0.0,9,7,5,9,1823.546244577889,1545.4651226148142,1901.5579711870664,1529.7268492239916,1.8,1.2,2014-04-05 00:00:00,0.4285714285714285,0.2857142857142857,0.2857142857142857,0
Everton,Away,2013-2014,L,0.6,0.4,0.0,0.8,0.2,0.0,10,7,12,4,1901.5579711870664,1850.647218519967,1869.5139615107244,1893.603208843625,1.8,2.4,2014-04-20 00:00:00,0.4285714285714285,0.2857142857142857,0.2857142857142857,0
Norwich City,Home,2013-2014,W,0.6,0.4,0.0,0.2,0.8,0.0,10,6,4,8,1869.5139615107244,1093.7852850776678,1870.579781645191,1001.1011052121344,1.8,0.6,2014-04-26 00:00:00,0.8,0.0,0.2,0
Sunderland,Home,2013-2014,L,0.6,0.4,0.0,0.4,0.4,0.2,12,6,9,9,1870.579781645191,1017.60361619638,1808.537132943892,1018.0609674950808,1.8,1.4,2014-05-03 00:00:00,0.8571428571428571,0.1428571428571428,0.0,0
Hull City,Home,2013-2014,W,0.6,0.4,0.0,0.2,0.6,0.2,12,4,4,9,1808.537132943892,1362.817125757579,1813.8901919238333,1293.170184737521,1.8,0.8,2014-05-06 00:00:00,1.0,0.0,0.0,0
Southampton,Away,2013-2014,D,0.6,0.4,0.0,0.4,0.4,0.2,11,4,4,5,1813.8901919238333,1711.3617788215029,1821.060754953092,1718.5323418507612,1.8,1.4,2014-05-11 00:00:00,0.6666666666666666,0.3333333333333333,0.0,0
Swansea City,Home,2014-2015,L,0.0,0.0,0.0,0.0,0.0,0.0,0,0,0,0,1500.0,1500.0,1468.75,1531.25,0.0,0.0,2014-08-16 12:45:00,0.8333333333333334,0.1666666666666666,0.0,0
Sunderland,Away,2014-2015,D,0.0,1.0,0.0,0.0,0.0,1.0,1,2,2,2,1468.75,1500.0,1466.507426001268,1497.757426001268,0.0,1.0,2014-08-24 16:00:00,0.75,0.125,0.125,0
Burnley,Away,2014-2015,D,0.0,0.5,0.5,0.0,1.0,0.0,2,3,1,4,1466.507426001268,1425.1457647966442,1469.4696558754329,1428.1079946708091,0.5,0.0,2014-08-30 12:45:00,0.0,0.0,0.0,0
Queens Park Rangers,Home,2014-2015,W,0.0,0.3333333333333333,0.6666666666666666,0.3333333333333333,0.6666666666666666,0.0,2,3,1,5,1469.4696558754329,1452.213076253449,1514.0183609169096,1403.0117812949254,0.6666666666666666,1.0,2014-09-14 16:00:00,1.0,0.0,0.0,0
Leicester City,Away,2014-2015,L,0.25,0.25,0.5,0.25,0.25,0.5,6,3,4,5,1514.0183609169096,1493.0411852524014,1478.779757371213,1532.8025817067048,1.25,1.25,2014-09-21 13:30:00,0.0,0.0,0.0,0
West Ham United,Home,2014-2015,W,0.2,0.4,0.4,0.4,0.4,0.2,9,8,9,8,1478.779757371213,1504.1343472595952,1512.306229395674,1475.160819284056,1.0,1.4,2014-09-27 15:00:00,0.8333333333333334,0.1666666666666666,0.0,0
Everton,Home,2014-2015,W,0.4,0.2,0.4,0.2,0.4,0.4,10,7,10,12,1512.306229395674,1468.3420814377882,1539.6228574621402,1433.1587095042546,1.6,1.0,2014-10-05 12:00:00,0.375,0.25,0.375,0
West Bromwich Albion,Away,2014-2015,D,0.6,0.2,0.2,0.4,0.6,0.0,11,7,6,7,1539.6228574621402,1454.4895387157376,1545.628965616675,1460.495646870272,2.0,1.2,2014-10-20 20:00:00,0.625,0.25,0.125,0
Chelsea,Home,2014-2015,D,0.6,0.2,0.2,0.8,0.0,0.2,13,9,12,4,1545.628965616675,1769.984867100746,1559.8489836311276,1784.2048851151983,2.0,2.6,2014-10-26 16:00:00,0.375,0.25,0.375,1
Manchester City,Away,2014-2015,L,0.4,0.2,0.4,0.6,0.2,0.2,10,10,12,6,1559.8489836311276,1639.644948537962,1521.5453469531062,1663.8413118599406,1.6,2.0,2014-11-02 13:30:00,0.25,0.125,0.625,1
Crystal Palace,Home,2014-2015,W,0.4,0.2,0.4,0.2,0.6,0.2,7,6,6,9,1521.5453469531062,1412.5215564234045,1543.2989021945514,1371.7751116648494,1.6,0.8,2014-11-08 15:00:00,1.0,0.0,0.0,0
Arsenal,Away,2014-2015,W,0.4,0.2,0.4,0.4,0.4,0.2,6,5,8,6,1543.2989021945514,1553.5932091490706,1573.6232543928943,1521.4175613474135,1.6,1.4,2014-11-22 17:30:00,0.625,0.25,0.125,1
Hull City,Home,2014-2015,W,0.4,0.2,0.4,0.0,0.6,0.4,6,5,3,6,1573.6232543928943,1435.9992355408522,1600.8961796667732,1375.772160814731,1.6,0.4,2014-11-29 15:00:00,1.0,0.0,0.0,0
Stoke City,Home,2014-2015,W,0.6,0.2,0.2,0.2,0.6,0.2,7,3,5,7,1600.8961796667732,1399.484032247768,1615.8194555286248,1351.9073081096196,2.0,0.8,2014-12-02 19:45:00,0.75,0.125,0.125,0
Southampton,Away,2014-2015,W,0.8,0.2,0.0,0.4,0.4,0.2,8,3,4,5,1615.8194555286248,1649.5013843738163,1644.0493986502458,1615.2313274954374,2.4,1.4,2014-12-08 20:00:00,0.5,0.5,0.0,0
Liverpool,Home,2014-2015,W,1.0,0.0,0.0,0.4,0.4,0.2,10,3,6,6,1644.0493986502458,1561.7488211823963,1677.6254796542205,1507.824902186371,3.0,1.4,2014-12-14 13:30:00,0.5,0.125,0.375,1
Aston Villa,Away,2014-2015,D,1.0,0.0,0.0,0.4,0.2,0.4,12,3,5,4,1677.6254796542205,1393.502882594019,1694.4718449693885,1410.3492479091867,3.0,1.6,2014-12-20 15:00:00,0.875,0.125,0.0,0
Newcastle United,Home,2014-2015,W,0.8,0.0,0.2,0.2,0.6,0.2,11,3,4,8,1694.4718449693885,1473.6895017715883,1710.904261861655,1415.121918663855,2.6,0.8,2014-12-26 15:00:00,0.5,0.25,0.25,0
Tottenham Hotspur,Away,2014-2015,D,0.8,0.0,0.2,0.6,0.2,0.2,11,4,6,6,1710.904261861655,1511.5813597548315,1723.855999632876,1524.5330975260529,2.6,2.0,2014-12-28 12:00:00,0.375,0.375,0.25,1
Stoke City,Away,2014-2015,D,0.6,0.0,0.4,0.6,0.2,0.2,9,3,7,5,1723.855999632876,1457.6364841189895,1739.9744634018627,1473.7549478879762,2.2,2.0,2015-01-01 12:45:00,0.7777777777777778,0.1111111111111111,0.1111111111111111,0
Southampton,Home,2014-2015,L,0.4,0.0,0.6,0.6,0.2,0.2,8,3,9,3,1739.9744634018627,1752.2186628297634,1709.825308913416,1784.5695083413166,1.8,2.0,2015-01-11 16:00:00,0.6,0.4,0.0,0
Queens Park Rangers,Away,2014-2015,W,0.2,0.2,0.6,0.2,0.4,0.4,5,4,6,7,1709.825308913416,1206.43049788132,1780.90552854499,1202.5107175128942,1.2,1.0,2015-01-17 15:00:00,1.0,0.0,0.0,0
Leicester City,Home,2014-2015,W,0.4,0.2,0.4,0.4,0.4,0.2,6,3,5,5,1780.90552854499,1221.271238037698,1783.78283558318,1149.148545075888,1.6,1.4,2015-01-31 15:00:00,0.0,0.0,1.0,0
West Ham United,Away,2014-2015,D,0.4,0.2,0.4,0.2,0.4,0.4,6,3,6,6,1783.78283558318,1548.6049248581655,1798.5202868676702,1563.3423761426557,1.6,1.0,2015-02-08 16:15:00,0.8571428571428571,0.1428571428571428,0.0,0
Burnley,Home,2014-2015,W,0.4,0.2,0.4,0.2,0.4,0.4,7,4,9,11,1798.5202868676702,1237.9234263715127,1801.382301552973,1165.7854410568157,1.6,1.0,2015-02-11 19:45:00,0.0,1.0,0.0,0
Swansea City,Away,2014-2015,L,0.6,0.2,0.2,0.2,0.4,0.4,9,4,3,9,1801.382301552973,1452.8644663397174,1793.9729034579846,1507.9550682447289,2.0,1.0,2015-02-21 15:00:00,0.7142857142857143,0.1428571428571428,0.1428571428571428,0
Sunderland,Home,2014-2015,W,0.6,0.2,0.2,0.2,0.4,0.4,10,5,4,5,1793.9729034579846,1302.1343739903318,1798.147302340744,1231.3087728730914,2.0,1.0,2015-02-28 15:00:00,0.6666666666666666,0.2222222222222222,0.1111111111111111,0
Newcastle United,Away,2014-2015,W,0.6,0.2,0.2,0.4,0.2,0.4,10,5,6,7,1798.147302340744,1353.629747621789,1856.1576608520609,1349.1401061331055,2.0,1.6,2015-03-04 19:45:00,0.5555555555555556,0.2222222222222222,0.2222222222222222,0
Tottenham Hotspur,Home,2014-2015,W,0.6,0.2,0.2,0.6,0.2,0.2,8,4,11,9,1856.1576608520609,1744.674485554432,1886.332153145518,1687.3489778478895,2.0,2.0,2015-03-15 16:00:00,0.3333333333333333,0.4444444444444444,0.2222222222222222,1
Liverpool,Away,2014-2015,W,0.8,0.2,0.0,1.0,0.0,0.0,10,3,10,3,1886.332153145518,1892.749774619976,1917.004987553553,1860.9226090280104,2.4,3.0,2015-03-22 13:30:00,0.5555555555555556,0.1111111111111111,0.3333333333333333,1
Aston Villa,Home,2014-2015,W,0.8,0.2,0.0,0.4,0.6,0.0,9,3,7,5,1917.004987553553,1259.16502026672,1918.6673547840685,1185.8273874972351,2.4,1.2,2015-04-04 15:00:00,0.7777777777777778,0.2222222222222222,0.0,0
Manchester City,Home,2014-2015,W,1.0,0.0,0.0,0.4,0.6,0.0,11,2,7,5,1918.6673547840685,1937.7358432297383,1958.2234228266543,1902.2919112723248,3.0,1.2,2015-04-12 16:00:00,0.2222222222222222,0.1111111111111111,0.6666666666666666,1
Chelsea,Away,2014-2015,L,1.0,0.0,0.0,0.8,0.0,0.2,13,4,8,4,1958.2234228266543,2259.998014969389,1905.0780956844148,2269.352687827149,3.0,2.6,2015-04-18 17:30:00,0.3333333333333333,0.3333333333333333,0.3333333333333333,1
Everton,Away,2014-2015,L,0.8,0.2,0.0,0.8,0.0,0.2,12,5,8,2,1905.0780956844148,1385.0100964150065,1900.9035639691467,1468.335564699738,2.4,2.6,2015-04-26 13:30:00,0.4444444444444444,0.2222222222222222,0.3333333333333333,0
West Bromwich Albion,Home,2014-2015,L,0.6,0.4,0.0,0.2,0.6,0.2,9,8,5,10,1900.9035639691467,1295.0099613904672,1840.2573917597729,1296.8637891810931,1.8,0.8,2015-05-02 17:30:00,0.5555555555555556,0.3333333333333333,0.1111111111111111,0
Crystal Palace,Away,2014-2015,W,0.4,0.6,0.0,0.4,0.6,0.0,7,8,6,7,1840.2573917597729,1321.9662445685672,1899.7464046604175,1318.9552574692125,1.2,1.2,2015-05-09 17:30:00,1.0,0.0,0.0,0
Arsenal,Home,2014-2015,D,0.4,0.6,0.0,0.6,0.2,0.2,6,8,8,3,1899.7464046604175,1994.8649328156723,1906.424710560825,2001.5432387160797,1.2,2.0,2015-05-17 16:00:00,0.6666666666666666,0.2222222222222222,0.1111111111111111,1
Hull City,Away,2014-2015,D,0.2,0.6,0.2,0.4,0.6,0.0,3,7,4,6,1906.424710560825,993.8821306189186,1931.164486544743,1018.621906602837,0.8,1.2,2015-05-24 15:00:00,1.0,0.0,0.0,0
Tottenham Hotspur,Home,2015-2016,W,0.0,0.0,0.0,0.0,0.0,0.0,0,0,0,0,1500.0,1500.0,1531.25,1468.75,0.0,0.0,2015-08-08 12:45:00,0.4,0.4,0.2,1
Aston Villa,Away,2015-2016,W,1.0,0.0,0.0,1.0,0.0,0.0,1,0,1,0,1531.25,1531.25,1562.5,1500.0,3.0,3.0,2015-08-14 19:45:00,0.8,0.2,0.0,0
Newcastle United,Home,2015-2016,D,1.0,0.0,0.0,0.0,0.5,0.5,2,0,2,4,1562.5,1462.5,1555.4967500098558,1455.4967500098558,3.0,0.5,2015-08-22 12:45:00,0.6,0.2,0.2,0
Swansea City,Away,2015-2016,L,0.6666666666666666,0.0,0.3333333333333333,0.3333333333333333,0.0,0.6666666666666666,2,0,5,3,1555.4967500098558,1545.3234944260796,1525.1615193197404,1577.4882637359642,2.333333333333333,1.6666666666666667,2015-08-30 16:00:00,0.625,0.125,0.25,0
Liverpool,Home,2015-2016,W,0.5,0.25,0.25,0.5,0.25,0.25,3,2,2,3,1525.1615193197404,1506.651266027857,1560.6655277618067,1467.1552744699234,1.75,1.75,2015-09-12 17:30:00,0.6,0.1,0.3,1
Southampton,Away,2015-2016,W,0.6,0.2,0.2,0.2,0.2,0.6,6,3,5,5,1560.6655277618067,1506.4909464000552,1596.7491356858716,1480.07455432412,2.0,1.2,2015-09-20 16:00:00,0.5,0.3333333333333333,0.1666666666666666,0
Sunderland,Home,2015-2016,W,0.6,0.2,0.2,0.0,0.6,0.4,8,5,4,9,1596.7491356858716,1361.9594182021535,1614.740512265604,1292.450794781886,2.0,0.4,2015-09-26 15:00:00,0.7,0.2,0.1,0
Arsenal,Away,2015-2016,L,0.6,0.2,0.2,0.6,0.2,0.2,10,5,8,4,1614.740512265604,1565.7832908829157,1577.11485318306,1615.6576318003715,2.0,2.0,2015-10-04 16:00:00,0.6,0.3,0.1,1
Everton,Away,2015-2016,W,0.6,0.4,0.0,0.4,0.0,0.6,10,8,7,4,1577.11485318306,1574.4367861911292,1621.202075722669,1531.0240087307382,1.8,1.8,2015-10-17 15:00:00,0.4,0.2,0.4,0
Manchester City,Home,2015-2016,D,0.8,0.2,0.0,0.6,0.4,0.0,12,6,14,8,1621.202075722669,1654.3079607463735,1623.5770521227732,1656.682937146478,2.4,1.8,2015-10-25 14:05:00,0.3,0.1,0.6,1
Crystal Palace,Away,2015-2016,D,0.6,0.2,0.2,0.4,0.6,0.0,9,5,4,5,1623.5770521227732,1498.7452840273422,1632.1918682393573,1507.3601001439265,2.0,1.2,2015-10-31 15:00:00,1.0,0.0,0.0,0
West Bromwich Albion,Home,2015-2016,W,0.4,0.2,0.4,0.4,0.6,0.0,6,3,6,8,1632.1918682393573,1447.597677398967,1651.4526989727697,1391.8585081323797,1.6,1.2,2015-11-07 15:00:00,0.5,0.3,0.2,0
Watford,Away,2015-2016,W,0.4,0.2,0.4,0.4,0.4,0.2,5,3,6,6,1651.4526989727697,1511.6099894606382,1694.6428785180483,1492.300169005917,1.6,1.4,2015-11-21 12:45:00,0.0,0.0,0.0,0
Leicester City,Away,2015-2016,D,0.6,0.0,0.4,0.8,0.0,0.2,7,1,11,5,1694.6428785180483,1756.7672892176815,1690.2197075339602,1752.3441182335932,2.2,2.6,2015-11-28 17:30:00,0.5,0.0,0.5,0
West Ham United,Home,2015-2016,D,0.4,0.0,0.6,0.2,0.4,0.4,5,2,5,9,1690.2197075339602,1526.1731903446096,1679.2210577519102,1515.1745405625595,1.8,1.0,2015-12-05 15:00:00,0.75,0.25,0.0,0
Bournemouth,Away,2015-2016,L,0.4,0.0,0.6,0.2,0.4,0.4,5,2,6,8,1679.2210577519102,1286.3610799631847,1673.3233398333111,1342.9633620445857,1.8,1.0,2015-12-12 17:30:00,0.0,0.0,0.0,0
Norwich City,Home,2015-2016,L,0.4,0.2,0.4,0.2,0.4,0.4,6,4,3,5,1673.3233398333111,1360.6144011296462,1619.6882907550505,1369.4793520513856,1.6,1.0,2015-12-19 15:00:00,0.8333333333333334,0.0,0.1666666666666666,0
Stoke City,Away,2015-2016,L,0.2,0.4,0.4,0.4,0.4,0.2,5,6,4,4,1619.6882907550505,1519.6960407797442,1592.692394888415,1567.7001449131087,1.0,1.4,2015-12-26 12:45:00,0.7,0.2,0.1,0
Chelsea,Home,2015-2016,D,0.0,0.6,0.4,0.2,0.4,0.4,3,7,6,6,1592.692394888415,1326.0017196980095,1576.5541386965335,1309.863463506128,0.4,1.0,2015-12-28 17:30:00,0.3,0.3,0.4,1
Swansea City,Home,2015-2016,W,0.0,0.6,0.4,0.2,0.4,0.4,2,6,2,5,1576.5541386965335,1419.738596315599,1594.5851001169988,1375.269557736064,0.4,1.0,2016-01-02 15:00:00,0.5555555555555556,0.1111111111111111,0.3333333333333333,0
Newcastle United,Away,2015-2016,D,0.2,0.6,0.2,0.2,0.6,0.2,4,7,3,5,1594.5851001169988,1234.6187107304163,1613.9933508106606,1254.0269614240783,0.8,0.8,2016-01-12 19:45:00,0.5,0.3,0.2,0
Liverpool,Away,2015-2016,W,0.2,0.4,0.4,0.4,0.4,0.2,6,8,5,8,1613.9933508106606,1567.5199031961065,1649.3986397534188,1540.4251921388643,1.0,1.4,2016-01-17 14:05:00,0.7,0.1,0.2,1
Southampton,Home,2015-2016,L,0.4,0.2,0.4,0.6,0.4,0.0,6,6,10,3,1649.3986397534188,1606.4058428737442,1614.301281628423,1633.8084847487487,1.6,1.8,2016-01-23 15:00:00,0.5714285714285714,0.2857142857142857,0.1428571428571428,0
Stoke City,Home,2015-2016,W,0.4,0.2,0.4,0.4,0.4,0.2,6,5,8,9,1614.301281628423,1541.0835517826213,1648.9656156730466,1488.2478858272443,1.6,1.4,2016-02-02 20:00:00,0.6,0.2,0.2,0
Chelsea,Away,2015-2016,D,0.6,0.2,0.2,0.4,0.0,0.6,9,5,9,5,1648.9656156730466,1336.540868807214,1666.8636927018708,1354.4389458360383,2.0,1.8,2016-02-07 16:00:00,0.3,0.3,0.4,1
Sunderland,Away,2015-2016,L,0.4,0.2,0.4,0.2,0.4,0.4,8,5,8,10,1666.8636927018708,1068.9272591084482,1664.92566955872,1129.4892359652974,1.6,1.0,2016-02-13 12:45:00,0.8,0.1,0.1,0
Arsenal,Home,2015-2016,W,0.4,0.4,0.2,0.4,0.2,0.4,6,4,4,2,1664.92566955872,1923.6091110086168,1715.922131302253,1912.10557275215,1.4,1.6,2016-02-28 14:05:00,0.5,0.3,0.2,1
Watford,Home,2015-2016,W,0.4,0.4,0.2,0.4,0.2,0.4,8,6,4,3,1715.922131302253,1541.6193823142387,1732.689624396857,1495.8868754088423,1.4,1.6,2016-03-02 20:00:00,1.0,0.0,0.0,0
West Bromwich Albion,Away,2015-2016,L,0.6,0.2,0.2,0.4,0.2,0.4,9,5,7,6,1732.689624396857,1392.4264560982672,1724.964219427812,1447.2010511292222,2.0,1.6,2016-03-06 16:00:00,0.6,0.2,0.2,0
Manchester City,Away,2015-2016,W,0.4,0.4,0.2,0.2,0.6,0.2,6,6,6,8,1724.964219427812,1669.4851846206875,1761.1622820294683,1643.183247222344,1.4,0.8,2016-03-20 16:00:00,0.3,0.2,0.5,1
Everton,Home,2015-2016,W,0.6,0.4,0.0,0.4,0.6,0.0,6,5,8,7,1761.1622820294683,1581.444060032797,1777.550071803555,1535.3318498068838,1.8,1.2,2016-04-03 16:00:00,0.5,0.2,0.3,0
Tottenham Hotspur,Away,2015-2016,L,0.8,0.2,0.0,0.4,0.2,0.4,6,3,8,4,1777.550071803555,2012.139416758312,1708.0579389791562,2030.147283933913,2.4,1.6,2016-04-10 16:00:00,0.4,0.4,0.2,1
Aston Villa,Home,2015-2016,W,0.6,0.4,0.0,0.0,1.0,0.0,3,4,1,13,1708.0579389791562,856.1676453882988,1708.5181369183636,794.1278433275062,1.8,0.0,2016-04-16 15:00:00,0.9,0.1,0.0,0
Crystal Palace,Home,2015-2016,W,0.6,0.4,0.0,0.2,0.2,0.6,3,4,4,4,1708.5181369183636,1331.7826086133923,1716.2131350684826,1264.4776067635114,1.8,1.2,2016-04-20 20:00:00,0.8,0.2,0.0,0
Leicester City,Home,2015-2016,D,0.8,0.2,0.0,0.8,0.0,0.2,5,3,10,2,1716.2131350684826,2122.104277443272,1736.8058827940904,2142.69702516888,2.4,2.6,2016-05-01 14:05:00,0.3333333333333333,0.3333333333333333,0.3333333333333333,0
Norwich City,Away,2015-2016,W,0.6,0.2,0.2,0.4,0.6,0.0,5,4,4,7,1736.8058827940904,1033.4477146308952,1798.234425678511,1032.3762575153155,2.0,1.2,2016-05-07 12:45:00,0.7142857142857143,0.0,0.2857142857142857,0
West Ham United,Away,2015-2016,L,0.6,0.2,0.2,0.4,0.2,0.4,5,4,12,10,1798.234425678511,1765.9230898779244,1769.8823103607942,1800.0709745602078,2.0,1.6,2016-05-10 20:30:00,0.6666666666666666,0.3333333333333333,0.0,0
Bournemouth,Home,2015-2016,W,0.6,0.2,0.2,0.2,0.6,0.2,7,4,6,10,1769.8823103607942,1333.8916870624005,1775.5205502158526,1264.5299269174586,2.0,0.8,2016-05-17 20:00:00,0.0,0.0,1.0,0
Bournemouth,Away,2016-2017,W,0.0,0.0,0.0,0.0,0.0,0.0,0,0,0,0,1500.0,1500.0,1537.5,1462.5,0.0,0.0,2016-08-14 13:30:00,0.5,0.0,0.5,0
Southampton,Home,2016-2017,W,1.0,0.0,0.0,0.0,0.0,1.0,3,1,1,1,1537.5,1500.0,1570.9681316516535,1458.4681316516535,3.0,1.0,2016-08-19 20:00:00,0.5,0.25,0.25,0
Hull City,Away,2016-2017,W,1.0,0.0,0.0,1.0,0.0,0.0,5,1,4,1,1570.9681316516535,1568.75,1602.417638194028,1537.6995065423744,3.0,3.0,2016-08-27 17:30:00,0.75,0.25,0.0,0
Manchester City,Home,2016-2017,L,1.0,0.0,0.0,1.0,0.0,0.0,6,1,9,3,1602.417638194028,1607.991836703423,1571.6689649611458,1639.7431634705406,3.0,3.0,2016-09-10 12:30:00,0.4,0.2,0.4,1
Watford,Away,2016-2017,L,0.75,0.25,0.0,0.25,0.5,0.25,7,3,7,8,1571.6689649611458,1469.1207732238183,1544.9267686314788,1517.3785768941514,2.25,1.0,2016-09-18 12:00:00,1.0,0.0,0.0,0
Leicester City,Home,2016-2017,W,0.6,0.4,0.0,0.4,0.4,0.2,8,6,7,7,1544.9267686314788,1503.856604015947,1583.5290606151714,1454.9588959996397,1.8,1.4,2016-09-24 12:30:00,0.25,0.5,0.25,0
Stoke City,Home,2016-2017,D,0.6,0.4,0.0,0.0,0.8,0.2,9,6,3,14,1583.5290606151714,1348.701739961254,1568.808079528496,1333.980758874579,1.8,0.2,2016-10-02 12:00:00,0.6,0.2,0.2,0
Liverpool,Away,2016-2017,D,0.4,0.4,0.2,0.8,0.0,0.2,8,7,14,5,1568.808079528496,1651.0707389674524,1562.9969924702475,1645.2596519092035,1.4,2.6,2016-10-17 20:00:00,0.8,0.1,0.1,1
Chelsea,Away,2016-2017,L,0.2,0.4,0.4,0.4,0.4,0.2,7,7,8,7,1562.9969924702475,1606.946298624294,1510.223905269918,1647.9232114239644,1.0,1.4,2016-10-23 16:00:00,0.3,0.4,0.3,1
Burnley,Home,2016-2017,D,0.2,0.4,0.4,0.4,0.6,0.0,6,9,5,8,1510.223905269918,1457.2369489222413,1506.4404747161768,1453.4535183685002,1.0,1.2,2016-10-29 15:00:00,0.5,0.5,0.0,0
Swansea City,Away,2016-2017,W,0.2,0.2,0.6,0.0,0.8,0.2,5,6,5,11,1506.4404747161768,1332.814225827438,1561.262096539407,1312.6358476506678,1.2,0.2,2016-11-06 15:00:00,0.6,0.1,0.3,0
Arsenal,Home,2016-2017,D,0.2,0.2,0.6,0.6,0.0,0.4,4,6,9,4,1561.262096539407,1734.481270210995,1572.7867901778618,1746.0059638494502,1.2,2.2,2016-11-19 12:30:00,0.6,0.2,0.2,1
West Ham United,Home,2016-2017,D,0.2,0.2,0.6,0.4,0.4,0.2,4,6,5,6,1572.7867901778618,1281.8324556650805,1555.6756029548646,1264.721268442083,1.2,1.4,2016-11-27 16:30:00,0.6,0.3,0.1,0
Everton,Away,2016-2017,D,0.2,0.2,0.6,0.2,0.6,0.2,5,7,4,9,1555.6756029548646,1509.1404550458426,1559.004195201699,1512.469047292677,1.2,0.8,2016-12-04 16:00:00,0.6,0.2,0.2,0
Tottenham Hotspur,Home,2016-2017,W,0.2,0.0,0.8,0.4,0.2,0.4,6,4,11,6,1559.004195201699,1680.5905513626883,1600.7646467815014,1659.8510029424908,1.4,1.6,2016-12-11 14:15:00,0.4,0.3,0.3,1
Crystal Palace,Away,2016-2017,W,0.4,0.0,0.6,0.2,0.6,0.2,7,4,13,13,1600.7646467815014,1447.8734661581511,1644.94249110341,1429.5513104800598,1.8,0.8,2016-12-14 20:00:00,0.8333333333333334,0.1666666666666666,0.0,0
West Bromwich Albion,Away,2016-2017,W,0.4,0.0,0.6,0.6,0.2,0.2,6,4,11,4,1644.94249110341,1559.576531348367,1691.4753100546825,1531.1093502996398,1.8,2.0,2016-12-17 17:30:00,0.5,0.2,0.3,0
Sunderland,Home,2016-2017,W,0.6,0.0,0.4,0.4,0.6,0.0,7,3,3,7,1691.4753100546825,1311.891419235322,1699.0578178670785,1244.473927047718,2.2,1.2,2016-12-26 15:00:00,0.7,0.1,0.2,0
Middlesbrough,Home,2016-2017,W,0.8,0.0,0.2,0.4,0.6,0.0,9,3,4,5,1699.0578178670785,1390.7577534249726,1708.1176054385417,1337.3175409964358,2.6,1.2,2016-12-31 15:00:00,0.0,0.0,0.0,0
West Ham United,Away,2016-2017,W,1.0,0.0,0.0,0.6,0.2,0.2,10,3,8,4,1708.1176054385417,1335.2952154640836,1775.2656569797073,1327.4432670052493,3.0,2.0,2017-01-02 17:15:00,0.5,0.4,0.1,0
Liverpool,Home,2016-2017,D,1.0,0.0,0.0,0.8,0.0,0.2,11,3,11,3,1775.2656569797073,1938.638758665846,1786.2251961255367,1949.5982978116756,3.0,2.6,2017-01-15 16:00:00,0.8,0.1,0.1,1
Stoke City,Away,2016-2017,D,0.8,0.0,0.2,0.4,0.4,0.2,10,3,10,11,1786.2251961255367,1361.5606581875124,1807.233352789852,1382.5688148518277,2.6,1.4,2017-01-21 15:00:00,0.6,0.2,0.2,0
Hull City,Home,2016-2017,D,0.6,0.0,0.4,0.2,0.6,0.2,9,4,6,11,1807.233352789852,1098.4765255861348,1783.0647259724471,1074.30789876873,2.2,0.8,2017-02-01 20:00:00,0.8,0.2,0.0,0
Leicester City,Away,2016-2017,W,0.4,0.0,0.6,0.2,0.6,0.2,6,3,1,7,1783.0647259724471,1308.989069015404,1865.2023994550127,1303.62674249797,1.8,0.8,2017-02-05 16:00:00,0.4,0.4,0.2,0
Watford,Home,2016-2017,W,0.4,0.0,0.6,0.4,0.2,0.4,7,2,6,6,1865.2023994550127,1363.1940720919747,1869.1519356556084,1292.14360829257,1.8,1.6,2017-02-11 15:00:00,0.6666666666666666,0.0,0.3333333333333333,0
Bournemouth,Home,2016-2017,D,0.4,0.0,0.6,0.0,0.8,0.2,7,2,6,14,1869.1519356556084,1235.9634597399915,1845.424850190996,1212.236374275379,1.8,0.2,2017-03-04 12:30:00,0.6666666666666666,0.0,0.3333333333333333,0
Middlesbrough,Away,2016-2017,W,0.4,0.0,0.6,0.0,0.6,0.4,7,2,1,5,1845.424850190996,1215.0411121087468,1918.4852044006248,1213.1014663183755,1.8,0.4,2017-03-19 12:00:00,1.0,0.0,0.0,0
West Bromwich Albion,Home,2016-2017,D,0.6,0.0,0.4,0.4,0.4,0.2,9,2,7,9,1918.4852044006248,1426.652880772001,1896.268230873824,1404.4359072452005,2.2,1.4,2017-04-01 15:00:00,0.5,0.2,0.3,0
Everton,Home,2016-2017,D,0.6,0.0,0.4,0.6,0.4,0.0,9,2,12,6,1896.268230873824,1753.226032752748,1886.5201703690784,1743.4779722480023,2.2,1.8,2017-04-04 20:00:00,0.6,0.2,0.2,0
Sunderland,Away,2016-2017,W,0.4,0.0,0.6,0.0,0.8,0.2,7,3,0,7,1886.5201703690784,985.9051082137912,1973.532592926764,985.4175307714768,1.8,0.2,2017-04-09 13:30:00,0.7,0.1,0.2,0
Chelsea,Home,2016-2017,W,0.4,0.0,0.6,0.8,0.2,0.0,8,3,10,6,1973.532592926764,2266.3495234985744,2036.8058395255584,2254.6227700973686,1.8,2.4,2017-04-16 16:00:00,0.3,0.3,0.4,1
Burnley,Away,2016-2017,W,0.6,0.0,0.4,0.2,0.4,0.4,9,2,2,5,2036.8058395255584,1295.203559801824,2110.7706509862087,1294.1683712624742,2.2,1.0,2017-04-23 14:15:00,0.3333333333333333,0.6666666666666666,0.0,0
Manchester City,Away,2016-2017,D,0.6,0.0,0.4,0.4,0.2,0.4,8,1,10,6,2110.7706509862087,2150.9185664372453,2107.894566276876,2148.042481727912,2.2,1.6,2017-04-27 20:00:00,0.4,0.2,0.4,1
Swansea City,Home,2016-2017,D,0.6,0.0,0.4,0.2,0.6,0.2,8,1,3,5,2107.894566276876,1070.6436149036797,2083.0218391179037,1045.7708877447071,2.2,0.8,2017-04-30 12:00:00,0.6,0.1,0.3,0
Arsenal,Away,2016-2017,L,0.6,0.0,0.4,0.6,0.4,0.0,8,1,6,6,2083.0218391179037,1812.3629459501,2069.977210189425,1874.318317021622,2.2,1.8,2017-05-07 16:00:00,0.5,0.3,0.2,1
Tottenham Hotspur,Away,2016-2017,L,0.4,0.2,0.4,0.8,0.2,0.0,5,3,11,1,2069.977210189425,2131.114219144305,2033.2843210127328,2156.921329967612,1.6,2.4,2017-05-14 16:30:00,0.4,0.3,0.3,1
Southampton,Away,2016-2017,D,0.2,0.4,0.4,0.2,0.4,0.4,4,5,4,7,2033.2843210127328,1478.487526657004,2056.3140840688384,1501.51728971311,1.0,1.0,2017-05-17 19:45:00,0.5555555555555556,0.2222222222222222,0.2222222222222222,0
Crystal Palace,Home,2016-2017,W,0.0,0.4,0.6,0.4,0.6,0.0,2,5,6,9,2056.3140840688384,1181.7593122214253,2056.7992117234,1107.2444398759862,0.6,1.2,2017-05-21 15:00:00,0.8571428571428571,0.1428571428571428,0.0,0
West Ham United,Home,2017-2018,W,0.0,0.0,0.0,0.0,0.0,0.0,0,0,0,0,1500.0,1500.0,1546.875,1453.125,0.0,0.0,2017-08-13 16:00:00,0.5,0.4,0.1,0
Swansea City,Away,2017-2018,W,1.0,0.0,0.0,0.0,0.0,1.0,4,0,0,0,1546.875,1500.0,1600.036143613417,1459.411143613417,3.0,1.0,2017-08-19 12:30:00,0.5,0.2,0.3,0
Leicester City,Home,2017-2018,W,1.0,0.0,0.0,0.5,0.5,0.0,8,0,5,4,1600.036143613417,1505.5754872798962,1627.58465757893,1458.124001245409,3.0,1.5,2017-08-26 17:30:00,0.5,0.3333333333333333,0.1666666666666666,0
Stoke City,Away,2017-2018,D,1.0,0.0,0.0,0.3333333333333333,0.3333333333333333,0.3333333333333333,10,0,2,2,1627.58465757893,1501.5009294983572,1636.2787635074385,1510.1950354268658,3.0,1.3333333333333333,2017-09-09 17:30:00,0.5,0.3,0.2,0
Everton,Home,2017-2018,W,0.75,0.0,0.25,0.25,0.5,0.25,12,2,2,6,1636.2787635074385,1453.8796205404358,1660.581587138631,1384.4324441716285,2.5,1.0,2017-09-17 16:00:00,0.5,0.3,0.2,0
Southampton,Away,2017-2018,W,0.8,0.0,0.2,0.4,0.2,0.4,16,2,4,4,1660.581587138631,1530.8414285420026,1702.987257055108,1510.7470984584795,2.6,1.6,2017-09-23 15:00:00,0.5,0.3,0.2,0
Crystal Palace,Home,2017-2018,W,0.8,0.0,0.2,0.0,1.0,0.0,13,2,0,10,1702.987257055108,1238.6205956501174,1709.04152717221,1150.9248657672194,2.6,0.0,2017-09-30 15:00:00,0.875,0.125,0.0,0
Liverpool,Away,2017-2018,D,0.8,0.0,0.2,0.4,0.2,0.4,13,2,9,9,1709.04152717221,1564.0623095437504,1718.9075186157927,1573.9283009873332,2.6,1.6,2017-10-14 12:30:00,0.8,0.1,0.1,1
Huddersfield Town,Away,2017-2018,L,0.6,0.0,0.4,0.0,0.6,0.4,11,2,1,9,1718.9075186157927,1470.2347174847123,1706.8532151597692,1520.6804140286888,2.2,0.4,2017-10-21 15:00:00,0.0,0.0,0.0,0
Tottenham Hotspur,Home,2017-2018,W,0.6,0.2,0.2,0.8,0.0,0.2,10,2,12,3,1706.8532151597692,1679.110631856119,1735.6132058035298,1645.3706224998796,2.0,2.6,2017-10-28 12:30:00,0.3,0.3,0.4,1
Chelsea,Away,2017-2018,L,0.6,0.2,0.2,0.6,0.4,0.0,7,2,10,5,1735.6132058035298,1687.2000756347295,1708.689745392904,1722.7766152241038,2.0,1.8,2017-11-05 16:30:00,0.4,0.3,0.3,1
Newcastle United,Home,2017-2018,W,0.4,0.4,0.2,0.2,0.4,0.4,6,3,4,5,1708.689745392904,1446.336467718422,1724.5189481270395,1374.6656704525574,1.4,1.0,2017-11-18 17:30:00,0.5,0.3,0.2,0
Brighton and Hove Albion,Home,2017-2018,W,0.4,0.4,0.2,0.4,0.0,0.6,6,4,8,4,1724.5189481270395,1518.0782268675523,1739.1158786102687,1470.1751573507815,1.4,1.8,2017-11-25 15:00:00,0.0,0.0,0.0,0
Watford,Away,2017-2018,W,0.6,0.4,0.0,0.4,0.6,0.0,7,4,9,8,1739.1158786102687,1585.117811272475,1792.2281852887677,1563.2301179509734,1.8,1.2,2017-11-28 20:00:00,0.75,0.0,0.25,0
Arsenal,Away,2017-2018,W,0.8,0.2,0.0,0.8,0.2,0.0,10,4,11,4,1792.2281852887677,1660.24649767575,1843.325606303615,1636.343918690597,2.4,2.4,2017-12-02 17:30:00,0.5,0.2,0.3,1
Manchester City,Home,2017-2018,L,0.8,0.2,0.0,1.0,0.0,0.0,12,5,11,4,1843.325606303615,1975.153691715771,1823.394789302188,2017.722874714344,2.4,3.0,2017-12-10 16:30:00,0.4,0.3,0.3,1
Bournemouth,Home,2017-2018,W,0.8,0.2,0.0,0.2,0.2,0.6,13,6,8,5,1823.394789302188,1427.0540480445095,1829.1863527783448,1370.345611520666,2.4,1.2,2017-12-13 20:00:00,0.5,0.25,0.25,0
West Bromwich Albion,Away,2017-2018,W,0.8,0.2,0.0,0.0,0.2,0.8,10,5,3,4,1829.1863527783448,1350.7349160943998,1887.9456921168692,1346.9942554329243,2.4,0.8,2017-12-17 14:15:00,0.4,0.3,0.3,0
Leicester City,Away,2017-2018,D,0.8,0.2,0.0,0.8,0.2,0.0,11,6,10,7,1887.9456921168692,1592.046004892274,1905.2441856844653,1609.34449845987,2.4,2.4,2017-12-23 19:45:00,0.5714285714285714,0.2857142857142857,0.1428571428571428,0
Burnley,Home,2017-2018,D,0.6,0.2,0.2,0.4,0.4,0.2,9,6,2,4,1905.2441856844653,1562.3782425691277,1886.3438136006748,1543.477870485337,2.0,1.4,2017-12-26 15:00:00,0.5,0.5,0.0,0
Southampton,Home,2017-2018,D,0.4,0.2,0.4,0.0,0.6,0.4,8,7,5,12,1886.3438136006748,1279.5419313720422,1862.8193701477176,1256.0174879190852,1.6,0.4,2017-12-30 17:30:00,0.5,0.3,0.2,0
Everton,Away,2017-2018,W,0.4,0.0,0.6,0.4,0.2,0.4,7,5,5,3,1862.8193701477176,1478.610606432813,1930.4164045092875,1471.2076407943823,1.8,1.6,2018-01-01 17:30:00,0.5,0.3,0.2,0
Stoke City,Home,2017-2018,W,0.4,0.0,0.6,0.2,0.6,0.2,8,5,4,11,1930.4164045092875,1125.5369451568763,1931.2589767472973,1038.8795173948863,1.8,0.8,2018-01-15 20:00:00,0.4,0.4,0.2,0
Burnley,Away,2017-2018,W,0.4,0.0,0.6,0.0,0.6,0.4,9,4,3,8,1931.2589767472973,1532.3708771000163,1988.0440108663645,1526.655911219083,1.8,0.4,2018-01-20 15:00:00,0.4,0.6,0.0,0
Tottenham Hotspur,Away,2017-2018,L,0.6,0.0,0.4,0.6,0.0,0.4,8,2,13,4,1988.0440108663645,1699.3119255790998,1976.0827420667413,1762.350656779477,2.2,2.2,2018-01-31 20:00:00,0.4,0.3,0.3,1
Huddersfield Town,Home,2017-2018,W,0.6,0.2,0.2,0.0,0.8,0.2,6,2,1,12,1976.0827420667413,1318.5014227738525,1977.7475312541685,1245.1662119612793,2.0,0.2,2018-02-03 15:00:00,0.0,0.0,1.0,0
Newcastle United,Away,2017-2018,L,0.8,0.2,0.0,0.2,0.2,0.6,8,2,5,6,1977.7475312541685,1179.8300189038866,1977.1213313326448,1241.7038189823634,2.4,1.2,2018-02-11 14:15:00,0.6,0.2,0.2,0
Chelsea,Home,2017-2018,W,0.6,0.4,0.0,0.4,0.4,0.2,6,3,8,7,1977.1213313326448,1912.263316706929,2002.6045269260555,1875.2465123003392,1.8,1.4,2018-02-25 14:05:00,0.4,0.3,0.3,1
Crystal Palace,Away,2017-2018,W,0.6,0.4,0.0,0.0,0.6,0.4,5,4,4,10,2002.6045269260555,1181.7689094561624,2064.555041880964,1181.2194244110713,1.8,0.4,2018-03-05 20:00:00,0.8888888888888888,0.1111111111111111,0.0,0
Liverpool,Home,2017-2018,W,0.6,0.4,0.0,0.8,0.0,0.2,7,6,13,3,2064.555041880964,2136.1035021027647,2102.150994185768,2111.1994544075683,1.8,2.6,2018-03-10 12:30:00,0.7,0.2,0.1,1
Swansea City,Home,2017-2018,W,0.8,0.2,0.0,0.4,0.2,0.4,9,5,7,6,2102.150994185768,1257.4023226524591,2102.7262298304463,1182.977558297138,2.4,1.6,2018-03-31 15:00:00,0.6,0.1,0.3,0
Manchester City,Away,2017-2018,W,0.8,0.2,0.0,1.0,0.0,0.0,9,5,14,2,2102.7262298304463,2456.226887516837,2109.950336144093,2400.950993830484,2.4,3.0,2018-04-07 17:30:00,0.4,0.3,0.3,1
West Bromwich Albion,Home,2017-2018,L,1.0,0.0,0.0,0.0,0.8,0.2,12,6,4,10,2109.950336144093,1033.4705326423907,2047.5773342190016,1033.5975307172996,3.0,0.2,2018-04-15 16:00:00,0.4,0.3,0.3,0
Bournemouth,Away,2017-2018,W,0.8,0.2,0.0,0.2,0.4,0.4,10,6,7,12,2047.5773342190016,1266.2838293994696,2121.7512629442067,1265.4577581246745,2.4,1.0,2018-04-18 19:45:00,0.6,0.2,0.2,0
Arsenal,Home,2017-2018,W,0.8,0.2,0.0,0.8,0.2,0.0,9,4,14,5,2121.7512629442067,1763.7371534721751,2128.8110213686327,1708.2969118966012,2.4,2.4,2018-04-29 16:30:00,0.6,0.2,0.2,1
Brighton and Hove Albion,Away,2017-2018,L,0.8,0.2,0.0,0.0,0.4,0.6,9,4,4,7,2128.8110213686327,1380.627705379188,2127.980007034046,1442.2966910446014,2.4,0.6,2018-05-04 20:00:00,1.0,0.0,0.0,0
West Ham United,Away,2017-2018,D,0.6,0.4,0.0,0.2,0.4,0.4,7,5,6,10,2127.980007034046,1171.44472848624,2152.7777649215504,1196.2424863737444,1.8,1.0,2018-05-10 19:45:00,0.5,0.4,0.1,0
Watford,Home,2017-2018,W,0.4,0.4,0.2,0.2,0.6,0.2,4,3,3,6,2152.7777649215504,1172.0099248579454,2152.99776811329,1109.7299280496848,1.4,0.8,2018-05-13 15:00:00,0.8,0.0,0.2,0
Leicester City,Home,2018-2019,W,0.0,0.0,0.0,0.0,0.0,0.0,0,0,0,0,1500.0,1500.0,1531.25,1468.75,0.0,0.0,2018-08-10 20:00:00,0.5,0.375,0.125,0
Brighton and Hove Albion,Away,2018-2019,L,1.0,0.0,0.0,0.0,1.0,0.0,2,1,0,2,1531.25,1462.5,1506.1042352033558,1499.8542352033558,3.0,0.0,2018-08-19 16:00:00,0.5,0.0,0.5,0
Tottenham Hotspur,Home,2018-2019,L,0.5,0.5,0.0,1.0,0.0,0.0,4,4,5,2,1506.1042352033558,1561.424917755973,1469.262081230357,1612.082763782974,1.5,3.0,2018-08-27 20:00:00,0.4,0.2,0.4,1
Burnley,Away,2018-2019,W,0.3333333333333333,0.6666666666666666,0.0,0.0,0.6666666666666666,0.3333333333333333,4,7,3,7,1469.262081230357,1434.2706924742602,1510.5261126475664,1400.5347238914696,1.0,0.3333333333333333,2018-09-02 16:00:00,0.5,0.5,0.0,0
Watford,Away,2018-2019,W,0.5,0.5,0.0,1.0,0.0,0.0,6,7,9,3,1510.5261126475664,1635.4125909996092,1531.0032561656124,1593.3897345176551,1.5,3.0,2018-09-15 17:30:00,0.8333333333333334,0.0,0.1666666666666666,0
Wolverhampton Wanderers,Home,2018-2019,D,0.6,0.4,0.0,0.4,0.2,0.4,8,8,5,5,1531.0032561656124,1533.5121742229182,1531.1837841938575,1533.6927022511634,1.8,1.6,2018-09-22 15:00:00,0.75,0.0,0.25,0
West Ham United,Away,2018-2019,L,0.4,0.4,0.2,0.2,0.6,0.2,7,8,5,7,1531.1837841938575,1406.809422127182,1506.5624814711891,1457.1881194045136,1.4,0.8,2018-09-29 12:30:00,0.5,0.4,0.1,0
Newcastle United,Home,2018-2019,W,0.4,0.4,0.2,0.0,0.8,0.2,6,8,3,8,1506.5624814711891,1350.740546088624,1524.666909748525,1306.34497436596,1.4,0.2,2018-10-06 17:30:00,0.6,0.2,0.2,0
Chelsea,Away,2018-2019,D,0.6,0.2,0.2,0.6,0.0,0.4,9,7,10,2,1524.666909748525,1755.8236996410972,1510.1195407913372,1741.2763306839092,2.0,2.2,2018-10-20 12:30:00,0.4,0.3,0.3,1
Everton,Home,2018-2019,W,0.4,0.2,0.4,0.6,0.4,0.0,9,9,8,6,1510.1195407913372,1515.1343921818393,1541.8205689250285,1484.3354203155304,1.6,1.8,2018-10-28 16:00:00,0.6,0.2,0.2,0
Bournemouth,Away,2018-2019,W,0.4,0.2,0.4,0.6,0.2,0.2,9,9,9,5,1541.8205689250285,1672.1342360811177,1561.8699151390292,1629.6835822951184,1.6,2.0,2018-11-03 12:30:00,0.6666666666666666,0.1666666666666666,0.1666666666666666,0
Manchester City,Away,2018-2019,L,0.6,0.2,0.2,0.8,0.0,0.2,10,9,14,1,1561.8699151390292,1784.2239780183563,1503.1865281879443,1800.540591067272,2.0,2.6,2018-11-11 16:30:00,0.4,0.3,0.3,1
Crystal Palace,Home,2018-2019,D,0.6,0.2,0.2,0.0,0.8,0.2,10,9,3,9,1503.1865281879443,1290.4413594653083,1489.5424022390328,1276.7972335163963,2.0,0.2,2018-11-24 15:00:00,0.9,0.1,0.0,0
Southampton,Away,2018-2019,D,0.4,0.2,0.4,0.0,0.4,0.6,7,7,4,10,1489.5424022390328,1224.006280551904,1505.632096511045,1240.095974823916,1.6,0.6,2018-12-01 17:30:00,0.4,0.4,0.2,0
Arsenal,Home,2018-2019,D,0.4,0.2,0.4,0.4,0.0,0.6,7,7,10,7,1505.632096511045,1795.1459785986603,1522.6880346101243,1812.20191669774,1.6,1.8,2018-12-05 20:00:00,0.6,0.2,0.2,1
Fulham,Home,2018-2019,W,0.2,0.2,0.6,0.2,0.6,0.2,7,8,4,8,1522.6880346101243,1193.3255220675137,1534.1125650756776,1117.250052533067,1.2,0.8,2018-12-08 15:00:00,0.75,0.25,0.0,0
Liverpool,Away,2018-2019,L,0.2,0.2,0.6,1.0,0.0,0.0,9,8,13,1,1534.1125650756776,2009.618267534157,1463.6734551333966,2014.179157591876,1.2,3.0,2018-12-16 16:00:00,0.8,0.2,0.0,1
Cardiff City,Away,2018-2019,W,0.2,0.2,0.6,0.4,0.6,0.0,9,8,6,8,1463.6734551333966,1187.9285554051007,1541.5082714443884,1172.0133717160925,1.2,1.2,2018-12-22 17:30:00,0.5,0.5,0.0,0
Huddersfield Town,Home,2018-2019,W,0.4,0.2,0.4,0.0,1.0,0.0,14,9,3,9,1541.5082714443884,1103.8298531708028,1547.0960584701345,1034.417640196549,1.6,0.0,2018-12-26 15:00:00,0.5,0.0,0.5,0
Bournemouth,Home,2018-2019,W,0.6,0.2,0.2,0.4,0.6,0.0,15,8,4,12,1547.0960584701345,1444.2021076703404,1578.2553431760427,1387.861392376249,2.0,1.2,2018-12-30 16:30:00,0.7142857142857143,0.1428571428571428,0.1428571428571428,0
Newcastle United,Away,2018-2019,W,0.8,0.2,0.0,0.2,0.4,0.4,17,7,3,7,1578.2553431760427,1279.2101755698432,1641.8789328124883,1267.8337652062887,2.4,1.0,2019-01-02 20:00:00,0.6,0.2,0.2,0
Tottenham Hotspur,Away,2018-2019,W,0.8,0.2,0.0,0.8,0.2,0.0,15,6,16,5,1641.8789328124883,1980.328088061631,1649.6753156373004,1925.624470886443,2.4,2.4,2019-01-13 16:30:00,0.4,0.1,0.5,1
Brighton and Hove Albion,Home,2018-2019,W,1.0,0.0,0.0,0.2,0.4,0.4,15,3,4,6,1649.6753156373004,1496.9651693326598,1668.0109706159674,1452.8008243113268,3.0,1.0,2019-01-19 15:00:00,0.3333333333333333,0.0,0.6666666666666666,0
Burnley,Home,2018-2019,D,1.0,0.0,0.0,0.6,0.2,0.2,12,3,7,7,1668.0109706159674,1260.8152878702683,1647.388136940435,1240.1924541947362,3.0,2.0,2019-01-29 20:00:00,0.5714285714285714,0.4285714285714285,0.0,0
Leicester City,Away,2018-2019,W,0.8,0.0,0.2,0.2,0.6,0.2,11,4,6,8,1647.388136940435,1483.1054165915948,1692.4035772051336,1465.6208568562934,2.6,0.8,2019-02-03 14:05:00,0.5555555555555556,0.3333333333333333,0.1111111111111111,0
Fulham,Away,2018-2019,W,0.8,0.0,0.2,0.2,0.8,0.0,8,3,7,12,1692.4035772051336,1026.0758895187428,1778.0546759414915,1024.2269882551009,2.6,0.6,2019-02-09 12:30:00,0.7777777777777778,0.2222222222222222,0.0,0
Liverpool,Home,2018-2019,D,0.8,0.0,0.2,0.6,0.0,0.4,9,3,10,5,1778.0546759414915,2147.941093539267,1797.7403053575017,2167.626722955277,2.6,2.2,2019-02-24 14:05:00,0.8,0.2,0.0,1
Crystal Palace,Away,2018-2019,W,0.6,0.0,0.4,0.4,0.2,0.4,8,3,11,7,1797.7403053575017,1261.1631576083776,1869.4723915575053,1257.895243808381,2.2,1.6,2019-02-27 20:00:00,0.8,0.2,0.0,0
Southampton,Home,2018-2019,W,0.6,0.0,0.4,0.2,0.4,0.4,9,3,5,6,1869.4723915575053,1158.286666352349,1870.497415605628,1096.811690400471,2.2,1.0,2019-03-02 15:00:00,0.4,0.4,0.2,0
Arsenal,Away,2018-2019,L,0.8,0.0,0.2,0.6,0.2,0.2,10,3,11,6,1870.497415605628,1801.185441155331,1840.3808209525755,1846.0688465022797,2.6,2.0,2019-03-10 16:30:00,0.6,0.2,0.2,1
Watford,Home,2018-2019,W,0.6,0.2,0.2,0.6,0.4,0.0,9,5,9,10,1840.3808209525755,1489.1128307858594,1847.68744829232,1433.9194581256036,2.0,1.8,2019-03-30 15:00:00,0.8571428571428571,0.0,0.1428571428571428,0
Wolverhampton Wanderers,Away,2018-2019,L,0.6,0.2,0.2,0.2,0.4,0.4,8,6,4,5,1847.68744829232,1553.0383866973812,1838.0017886085864,1605.8527270136478,2.0,1.0,2019-04-02 19:45:00,0.6,0.2,0.2,0
West Ham United,Home,2018-2019,W,0.6,0.4,0.0,0.4,0.6,0.0,9,8,6,9,1838.0017886085864,1484.5385632349498,1845.2272717455617,1429.2640463719251,1.8,1.2,2019-04-13 17:30:00,0.4,0.4,0.2,0
Everton,Away,2018-2019,L,0.6,0.4,0.0,0.6,0.4,0.0,8,8,7,5,1845.2272717455617,1657.4474958216551,1821.4778847896769,1727.4481088657703,1.8,1.8,2019-04-21 13:30:00,0.7,0.2,0.1,0
Manchester City,Home,2018-2019,L,0.4,0.6,0.0,1.0,0.0,0.0,5,10,11,2,1821.4778847896769,2400.5163615700167,1818.89419596637,2472.9326727467096,1.2,3.0,2019-04-24 20:00:00,0.4,0.2,0.4,1
Chelsea,Home,2018-2019,D,0.4,0.6,0.0,0.6,0.2,0.2,5,10,9,5,1818.89419596637,1876.513560685158,1823.002645803847,1880.6220105226348,1.2,2.0,2019-04-28 16:30:00,0.4,0.3,0.3,1
Huddersfield Town,Away,2018-2019,D,0.2,0.6,0.2,0.0,1.0,0.0,4,10,2,17,1823.002645803847,469.6313483325564,1847.9819747709932,494.610677299703,0.8,0.0,2019-05-05 14:00:00,0.6666666666666666,0.0,0.3333333333333333,0
Cardiff City,Home,2018-2019,L,0.2,0.4,0.4,0.2,0.8,0.0,4,9,4,8,1847.9819747709932,968.837918931672,1773.4545338044893,969.3104779651676,1.0,0.6,2019-05-12 15:00:00,0.6666666666666666,0.3333333333333333,0.0,0
Chelsea,Home,2019-2020,W,0.0,0.0,0.0,0.0,0.0,0.0,0,0,0,0,1500.0,1500.0,1546.875,1453.125,0.0,0.0,2019-08-11 16:30:00,0.4,0.3,0.3,1
Wolverhampton Wanderers,Away,2019-2020,D,1.0,0.0,0.0,0.0,0.0,1.0,4,0,0,0,1546.875,1500.0,1550.2276099271558,1503.3526099271558,3.0,1.0,2019-08-19 20:00:00,0.5,0.1666666666666666,0.3333333333333333,0
Crystal Palace,Home,2019-2020,L,0.5,0.0,0.5,0.0,0.5,0.5,5,1,0,1,1550.2276099271558,1468.75,1511.78058204401,1492.8029721168543,2.0,0.5,2019-08-24 15:00:00,0.8,0.2,0.0,0
Southampton,Away,2019-2020,D,0.3333333333333333,0.3333333333333333,0.3333333333333333,0.3333333333333333,0.6666666666666666,0.0,6,3,3,5,1511.78058204401,1459.261477988988,1515.5311122549424,1463.0120081999205,1.3333333333333333,1.0,2019-08-31 12:30:00,0.5,0.3,0.2,0
Leicester City,Home,2019-2020,W,0.25,0.25,0.5,0.5,0.0,0.5,7,4,6,3,1515.5311122549424,1566.0020955583757,1551.2890461185937,1539.260029422027,1.25,2.0,2019-09-14 15:00:00,0.6,0.3,0.1,0
West Ham United,Away,2019-2020,L,0.4,0.2,0.4,0.4,0.2,0.4,8,4,6,7,1551.2890461185937,1523.2278488512904,1516.8112256810402,1563.750028413737,1.6,1.6,2019-09-22 14:00:00,0.4,0.4,0.2,0
Arsenal,Home,2019-2020,D,0.2,0.4,0.4,0.4,0.2,0.4,4,6,10,10,1516.8112256810402,1556.112971434479,1519.627212702317,1558.9289584557555,1.0,1.6,2019-09-30 20:00:00,0.6,0.2,0.2,1
Newcastle United,Away,2019-2020,L,0.2,0.4,0.4,0.2,0.4,0.4,4,6,3,9,1519.627212702317,1320.52703520327,1504.5522238963924,1367.9520463973458,1.0,1.0,2019-10-06 16:30:00,0.6,0.2,0.2,0
Liverpool,Home,2019-2020,D,0.2,0.4,0.4,1.0,0.0,0.0,3,5,11,3,1504.5522238963924,1801.1308487404908,1521.8761464336742,1818.4547712777728,1.0,3.0,2019-10-20 16:30:00,0.8,0.2,0.0,1
Norwich City,Away,2019-2020,W,0.2,0.4,0.4,0.2,0.6,0.2,3,5,4,11,1521.8761464336742,1332.8702100831,1577.9765951216498,1313.9706587710757,1.0,0.8,2019-10-27 16:30:00,0.75,0.0,0.25,0
Bournemouth,Away,2019-2020,L,0.2,0.4,0.4,0.2,0.2,0.6,5,6,5,4,1577.9765951216498,1514.9945317887957,1552.330252648963,1551.8481893161088,1.0,1.2,2019-11-02 12:30:00,0.75,0.125,0.125,0
Brighton and Hove Albion,Home,2019-2020,W,0.2,0.4,0.4,0.6,0.4,0.0,5,5,9,6,1552.330252648963,1475.65917256467,1581.686627716785,1430.015547632492,1.0,1.8,2019-11-10 14:00:00,0.5,0.0,0.5,0
Sheffield United,Away,2019-2020,D,0.4,0.4,0.2,0.4,0.0,0.6,7,5,6,2,1581.686627716785,1588.18216921482,1581.2192903826876,1587.7148318807226,1.4,1.8,2019-11-24 16:30:00,0.0,0.0,0.0,0
Aston Villa,Home,2019-2020,D,0.4,0.2,0.4,0.4,0.6,0.0,10,7,6,8,1581.2192903826876,1437.74541617646,1571.4449036430076,1427.97102943678,1.6,1.2,2019-12-01 16:30:00,0.9,0.1,0.0,0
Tottenham Hotspur,Home,2019-2020,W,0.4,0.2,0.4,0.4,0.2,0.4,11,8,9,8,1571.4449036430076,1522.3776845153309,1598.3106750040836,1486.7434558764066,1.6,1.6,2019-12-04 19:30:00,0.4,0.1,0.5,1
Manchester City,Away,2019-2020,W,0.4,0.2,0.4,0.6,0.2,0.2,10,8,11,8,1598.3106750040836,1776.2700142260164,1614.8211782027322,1730.280517424665,1.6,2.0,2019-12-07 17:30:00,0.3,0.2,0.5,1
Everton,Home,2019-2020,D,0.6,0.0,0.4,0.4,0.6,0.0,12,8,8,11,1614.8211782027322,1332.9043020643312,1598.061829323644,1316.1449531852431,2.2,1.2,2019-12-15 14:00:00,0.6,0.2,0.2,0
Watford,Away,2019-2020,L,0.4,0.0,0.6,0.0,0.8,0.2,10,8,1,9,1598.061829323644,1112.73033152694,1593.7372895033143,1183.4057917066104,1.8,0.2,2019-12-22 14:00:00,0.875,0.0,0.125,0
Newcastle United,Home,2019-2020,W,0.4,0.2,0.4,0.6,0.2,0.2,7,7,7,4,1593.7372895033143,1422.2500483195622,1617.4912131285869,1358.5039719448346,1.6,2.0,2019-12-26 17:30:00,0.6,0.2,0.2,0
Burnley,Away,2019-2020,W,0.6,0.2,0.2,0.4,0.6,0.0,9,6,3,10,1617.4912131285869,1478.91835072951,1669.2022153667394,1455.6293529676625,2.0,1.2,2019-12-28 19:45:00,0.5,0.5,0.0,0
Arsenal,Away,2019-2020,L,0.6,0.2,0.2,0.2,0.4,0.4,9,5,5,7,1669.2022153667394,1480.6050220449426,1650.2693815561795,1536.6721882343827,2.0,1.0,2020-01-01 20:00:00,0.6,0.2,0.2,1
Norwich City,Home,2019-2020,W,0.4,0.4,0.2,0.0,0.4,0.6,7,6,5,7,1650.2693815561795,1178.9285760422422,1656.1002264904157,1091.0094209764782,1.4,0.6,2020-01-11 15:00:00,0.7777777777777778,0.0,0.2222222222222222,0
Liverpool,Away,2019-2020,L,0.6,0.4,0.0,1.0,0.0,0.0,10,5,10,0,1656.1002264904157,2189.018123494161,1584.4346140291054,2192.352511032851,1.8,3.0,2020-01-19 16:30:00,0.8,0.2,0.0,1
Burnley,Home,2019-2020,L,0.6,0.4,0.0,0.2,0.8,0.0,10,5,3,9,1584.4346140291054,1399.6971219496938,1528.6836390352328,1418.9461469558212,1.8,0.6,2020-01-22 20:15:00,0.5555555555555556,0.4444444444444444,0.0,0
Wolverhampton Wanderers,Home,2019-2020,D,0.4,0.6,0.0,0.2,0.6,0.2,6,6,6,8,1528.6836390352328,1597.4966185242818,1533.571385869187,1602.384365358236,1.2,0.8,2020-02-01 17:30:00,0.4285714285714285,0.2857142857142857,0.2857142857142857,0
Chelsea,Away,2019-2020,W,0.2,0.6,0.2,0.2,0.2,0.6,4,6,8,6,1533.571385869187,1629.237580675213,1560.9990566813965,1581.6652514874222,0.8,1.2,2020-02-17 20:00:00,0.5,0.3,0.2,1
Watford,Home,2019-2020,W,0.4,0.4,0.2,0.2,0.4,0.4,6,4,7,6,1560.9990566813965,1270.434343827565,1574.8305771632022,1196.765864309371,1.4,1.0,2020-02-23 14:00:00,0.7777777777777778,0.0,0.2222222222222222,0
Everton,Away,2019-2020,D,0.4,0.4,0.2,0.4,0.2,0.4,5,4,11,9,1574.8305771632022,1420.7180664459138,1585.245588203133,1431.1330774858443,1.4,1.6,2020-03-01 14:00:00,0.5,0.3,0.2,0
Manchester City,Home,2019-2020,W,0.4,0.2,0.4,0.6,0.2,0.2,6,3,6,4,1585.245588203133,2020.5014503779132,1654.5852538230956,2014.8411159978764,1.6,2.0,2020-03-08 16:30:00,0.4,0.2,0.4,1
Tottenham Hotspur,Away,2019-2020,D,0.6,0.0,0.4,0.4,0.4,0.2,8,1,9,8,1654.5852538230956,1654.019611442725,1654.625955028167,1654.060312647796,2.2,1.4,2020-06-19 20:15:00,0.4,0.1,0.5,1
Sheffield United,Home,2019-2020,W,0.6,0.0,0.4,0.4,0.2,0.4,9,2,4,5,1654.625955028167,1564.9568204190696,1687.3287829832598,1510.1596483741623,2.2,1.6,2020-06-24 18:00:00,0.0,1.0,0.0,0
Brighton and Hove Albion,Away,2019-2020,W,0.6,0.0,0.4,0.2,0.2,0.6,10,2,3,3,1687.3287829832598,1294.240597765897,1766.5817958289433,1285.9936106115806,2.2,1.2,2020-06-30 20:15:00,0.6,0.0,0.4,0
Bournemouth,Home,2019-2020,W,0.6,0.0,0.4,0.0,0.8,0.2,10,2,4,11,1766.5817958289433,1123.6196374522808,1768.6904647039305,1038.2283063272678,2.2,0.2,2020-07-04 15:00:00,0.6666666666666666,0.1111111111111111,0.2222222222222222,0
Aston Villa,Away,2019-2020,W,0.8,0.0,0.2,0.0,0.6,0.4,14,3,2,6,1768.6904647039305,1066.9704878982047,1854.6764580948457,1065.45648128912,2.6,0.4,2020-07-09 20:15:00,0.8,0.2,0.0,0
Southampton,Home,2019-2020,D,0.8,0.0,0.2,0.6,0.2,0.2,15,3,8,4,1854.6764580948457,1398.9354251647603,1833.0586574180825,1377.3176244879974,2.6,2.0,2020-07-13 20:00:00,0.4,0.4,0.2,0
Crystal Palace,Away,2019-2020,W,0.8,0.0,0.2,0.0,1.0,0.0,16,4,2,13,1833.0586574180825,1298.4215555755452,1904.755659921512,1295.1185580789747,2.6,0.0,2020-07-16 20:15:00,0.7,0.2,0.1,0
West Ham United,Home,2019-2020,D,0.8,0.0,0.2,0.6,0.2,0.2,15,4,12,6,1904.755659921512,1194.0852067873468,1880.5780749998592,1169.907621865694,2.6,2.0,2020-07-22 18:00:00,0.3,0.4,0.3,0
Leicester City,Away,2019-2020,W,0.6,0.0,0.4,0.4,0.4,0.2,13,5,7,8,1880.5780749998592,1900.686175204283,1915.9101538415875,1861.0182540460116,2.2,1.4,2020-07-26 16:00:00,0.7,0.2,0.1,0
Crystal Palace,Home,2020-2021,L,0.0,0.0,0.0,1.0,0.0,0.0,0,0,1,0,1500.0,1500.0,1462.5,1537.5,0.0,3.0,2020-09-19 17:30:00,0.7,0.2,0.1,0
Brighton and Hove Albion,Away,2020-2021,W,0.0,1.0,0.0,0.5,0.5,0.0,1,3,4,3,1462.5,1496.949815418775,1490.6615355580182,1462.6113509767931,0.0,1.5,2020-09-26 12:30:00,0.6666666666666666,0.0,0.3333333333333333,0
Tottenham Hotspur,Home,2020-2021,L,0.5,0.5,0.0,0.3333333333333333,0.3333333333333333,0.3333333333333333,4,5,6,4,1490.6615355580182,1510.486000906713,1443.5114132749543,1563.3358786236488,1.5,1.3333333333333333,2020-10-04 16:30:00,0.4,0.2,0.4,1
Newcastle United,Away,2020-2021,W,0.3333333333333333,0.6666666666666666,0.0,0.5,0.25,0.25,5,11,6,5,1443.5114132749543,1514.0963947187909,1478.4934659620412,1461.5784474058778,1.0,1.75,2020-10-17 20:00:00,0.6,0.2,0.2,0
Chelsea,Home,2020-2021,D,0.5,0.5,0.0,0.4,0.2,0.4,9,12,13,9,1478.4934659620412,1548.512515292828,1483.4646223237646,1553.4836716545512,1.5,1.6,2020-10-24 17:30:00,0.5,0.3,0.2,1
Arsenal,Home,2020-2021,L,0.4,0.4,0.2,0.4,0.6,0.0,9,12,5,7,1483.4646223237646,1494.4963171242737,1453.2065318191749,1526.738226619684,1.4,1.2,2020-11-01 16:30:00,0.6,0.2,0.2,1
Everton,Away,2020-2021,W,0.4,0.4,0.2,0.4,0.4,0.2,8,10,9,9,1453.2065318191749,1575.1637071821813,1478.0585063305682,1525.0156816935746,1.4,1.4,2020-11-07 12:30:00,0.5,0.4,0.1,0
West Bromwich Albion,Home,2020-2021,W,0.4,0.4,0.2,0.0,0.6,0.4,8,9,1,6,1478.0585063305682,1322.2233691129773,1496.161957308785,1277.826820091194,1.4,0.4,2020-11-21 20:00:00,0.4,0.2,0.4,0
Southampton,Away,2020-2021,W,0.6,0.2,0.2,0.6,0.0,0.4,8,3,12,7,1496.161957308785,1596.0635144207008,1518.666055056393,1556.0676121683086,2.0,2.2,2020-11-29 14:00:00,0.4,0.5,0.1,0
West Ham United,Away,2020-2021,W,0.6,0.2,0.2,0.6,0.2,0.2,7,4,6,4,1518.666055056393,1574.3860516190343,1550.2030268762612,1530.9230234389026,2.0,2.0,2020-12-05 17:30:00,0.3,0.4,0.3,0
Manchester City,Home,2020-2021,D,0.8,0.2,0.0,0.6,0.2,0.2,10,5,9,3,1550.2030268762612,1576.32886902857,1552.0793970404825,1578.205239192791,2.4,2.0,2020-12-12 17:30:00,0.5,0.1,0.4,1
Sheffield United,Away,2020-2021,W,0.8,0.0,0.2,0.0,1.0,0.0,10,4,2,11,1552.0793970404825,1127.9405108286724,1609.575682000904,1122.936795789094,2.6,0.0,2020-12-17 20:00:00,0.5,0.5,0.0,0
Leeds United,Home,2020-2021,W,0.8,0.0,0.2,0.4,0.4,0.2,10,5,8,7,1609.575682000904,1431.6330078539447,1634.343185046729,1362.65051089977,2.6,1.4,2020-12-20 16:30:00,0.0,0.0,0.0,0
Leicester City,Away,2020-2021,D,0.8,0.0,0.2,0.6,0.4,0.0,15,7,8,5,1634.343185046729,1569.8829587797673,1638.9289743065815,1574.4687480396194,2.6,1.8,2020-12-26 12:30:00,0.8,0.1,0.1,0
Wolverhampton Wanderers,Home,2020-2021,W,0.6,0.0,0.4,0.2,0.6,0.2,14,7,4,9,1638.9289743065815,1469.804400057316,1656.0647008825038,1424.4401266332384,2.2,0.8,2020-12-29 20:00:00,0.375,0.375,0.25,0
Aston Villa,Home,2020-2021,W,0.6,0.0,0.4,0.6,0.0,0.4,12,6,8,1,1656.0647008825038,1675.6300889326596,1689.0726465387131,1646.1380345888692,2.2,2.2,2021-01-01 20:00:00,0.8,0.2,0.0,0
Burnley,Away,2020-2021,W,0.8,0.0,0.2,0.6,0.2,0.2,14,7,4,2,1689.0726465387131,1371.4674542442374,1742.919958473712,1362.814766179236,2.6,2.0,2021-01-12 20:15:00,0.5,0.4,0.1,0
Liverpool,Away,2020-2021,D,0.8,0.0,0.2,0.4,0.2,0.4,12,5,10,3,1742.919958473712,1813.012430778448,1737.9437280147697,1808.0362003195053,2.6,1.6,2021-01-17 16:30:00,0.8,0.2,0.0,1
Fulham,Away,2020-2021,W,0.6,0.0,0.4,0.0,0.2,0.8,6,3,2,3,1737.9437280147697,1274.7280615180944,1796.3824602890763,1270.666793792401,2.2,0.8,2021-01-20 20:15:00,0.8,0.2,0.0,0
Sheffield United,Home,2020-2021,L,0.8,0.0,0.2,0.2,0.8,0.0,6,2,2,7,1796.3824602890763,1044.8566687530702,1734.6978446624064,1045.6720531264002,2.6,0.6,2021-01-27 20:15:00,0.6666666666666666,0.3333333333333333,0.0,0
Arsenal,Away,2020-2021,D,0.6,0.2,0.2,0.8,0.0,0.2,6,4,11,1,1734.6978446624064,1571.5554273025018,1745.643970817487,1582.5015534575823,2.0,2.6,2021-01-30 17:30:00,0.5,0.2,0.3,1
Southampton,Home,2020-2021,W,0.4,0.2,0.4,0.2,0.6,0.2,4,3,2,6,1745.643970817487,1539.4958397160972,1774.875535583153,1443.7274044817632,1.6,0.8,2021-02-02 20:15:00,0.4,0.5,0.1,0
Everton,Home,2020-2021,D,0.4,0.2,0.4,0.4,0.4,0.2,12,3,5,6,1774.875535583153,1676.8409357776886,1768.002815182199,1669.9682153767346,1.6,1.4,2021-02-06 20:00:00,0.5,0.4,0.1,0
West Bromwich Albion,Away,2020-2021,D,0.4,0.2,0.4,0.0,0.8,0.2,15,6,4,13,1768.002815182199,1010.8695665729948,1792.3709655533655,1035.2377169441615,1.6,0.2,2021-02-14 14:00:00,0.5,0.2,0.3,0
Newcastle United,Home,2020-2021,W,0.2,0.2,0.6,0.4,0.6,0.0,14,6,7,8,1792.3709655533655,1212.5792266147582,1794.943858928188,1140.1521199895806,1.2,1.2,2021-02-21 19:00:00,0.6,0.2,0.2,0
Chelsea,Away,2020-2021,D,0.4,0.0,0.6,0.8,0.0,0.2,16,5,8,2,1794.943858928188,1781.2306209605315,1795.9300936305806,1782.216855662924,1.8,2.6,2021-02-28 16:30:00,0.4,0.4,0.2,1
Crystal Palace,Away,2020-2021,D,0.4,0.0,0.6,0.4,0.4,0.2,16,5,4,7,1795.9300936305806,1373.8394295047372,1816.8834875334744,1394.7928234076312,1.8,1.4,2021-03-03 20:15:00,0.7,0.1,0.2,0
Manchester City,Away,2020-2021,W,0.2,0.0,0.8,1.0,0.0,0.0,7,5,13,3,1816.8834875334744,2070.8587070986478,1830.995621867036,2009.9708414322083,1.4,3.0,2021-03-07 16:30:00,0.5,0.2,0.3,1
West Ham United,Home,2020-2021,W,0.4,0.0,0.6,0.6,0.2,0.2,6,2,8,3,1830.995621867036,1600.3010644696417,1844.0889298501816,1550.8943724527874,1.8,2.0,2021-03-14 19:15:00,0.4,0.3,0.3,0
Brighton and Hove Albion,Home,2020-2021,W,0.6,0.0,0.4,0.4,0.6,0.0,6,1,7,6,1844.0889298501816,1322.1517756300934,1847.0403337163136,1262.6031794962255,2.2,1.2,2021-04-04 19:30:00,0.7142857142857143,0.0,0.2857142857142857,0
Tottenham Hotspur,Away,2020-2021,W,0.6,0.0,0.4,0.6,0.2,0.2,5,1,10,5,1847.0403337163136,1675.741473754456,1901.663738536068,1655.36487857421,2.2,2.0,2021-04-11 16:30:00,0.3,0.2,0.5,1
Burnley,Home,2020-2021,W,0.8,0.0,0.2,0.2,0.4,0.4,8,2,7,8,1901.663738536068,1221.7812586079729,1903.131884768712,1148.249404840617,2.6,1.0,2021-04-18 16:00:00,0.6,0.3,0.1,0
Leeds United,Away,2020-2021,D,1.0,0.0,0.0,0.6,0.0,0.4,11,3,7,4,1903.131884768712,1420.810783469503,1925.201415856216,1442.8803145570068,3.0,2.2,2021-04-25 14:00:00,1.0,0.0,0.0,0
Aston Villa,Away,2020-2021,W,0.8,0.0,0.2,0.4,0.4,0.2,9,3,9,8,1925.201415856216,1602.4420877969524,1990.0807706129497,1592.3214425536862,2.6,1.4,2021-05-09 14:05:00,0.8,0.2,0.0,0
Leicester City,Home,2020-2021,L,0.8,0.0,0.2,0.4,0.4,0.2,11,4,10,9,1990.0807706129497,1763.2458631043498,1940.9055263633693,1776.5706188547697,2.6,1.4,2021-05-11 18:00:00,0.8,0.2,0.0,0
Liverpool,Home,2020-2021,L,0.6,0.2,0.2,0.6,0.0,0.4,10,5,9,3,1940.9055263633693,1783.2835405311096,1887.471282982449,1804.8492971501887,2.0,2.2,2021-05-13 20:15:00,0.8,0.2,0.0,1
Fulham,Home,2020-2021,D,0.4,0.4,0.2,0.0,0.8,0.2,9,8,2,9,1887.471282982449,1002.2923419050423,1862.775631392004,977.5966903145968,1.4,0.2,2021-05-18 18:00:00,0.9,0.1,0.0,0
Wolverhampton Wanderers,Away,2020-2021,W,0.2,0.4,0.4,0.2,0.6,0.2,7,8,3,9,1862.775631392004,1242.006647372472,1923.5697871580087,1240.300803138477,1.0,0.8,2021-05-23 16:00:00,0.4444444444444444,0.3333333333333333,0.2222222222222222,0
